artist,title,spotify_uri,original_lang,lyrics_in_en,length,translation_review_required
"Ryan Castro, Kapo, Gangsta",LA VILLA,2ZyrAym0sRLwt4PhGotHuI,es,"Kapo, Ryan Castro, Gangsta
What a joke, SOG
The real combination one more time
Again and again and again

Yeah, oh, if he wants, he'll look for me, he'll look for me at a party
If you want, look for me, look for me here
I like your mouth and the curve of your body
Come, let's dance, I'm almost leaving
Let that waltz sound hard and if the awoo comes in
Mommy, turn on the flashes
I'm not leaving here if I don't have a black movie
Let him listen to dancehall and have that great behind him
A memory, a flashback
Even without a jewel you shine
That's brand new, mamacita, zero mile'
We go all weekend to party in the town
This is secret where no one catches us
Nobody catches us

Oh, one that dancehall dance the doctor prescribed me
His mini, mini, mini, mini hypnotized me
Sexy gyal, you're loose, mommy, I know everything
His mini, mini, mini, mini hypnotized me
One that dancehall dance the doctor prescribed me
Your mini, mini hypnotized me
Sexy gyal, you're loose, mommy, I know everything
Your mini, mini hypnotized me

The mafia has arrived to summon the dolls
Today I'm going out for the lleca
Let's go to the farm after the disco
Don't act like a saint, mamacita, because you sin.
Oh, no, baby, don't go, let's take it slow
Feel the vibe listening to this dancehall
But we have something pending, you and I after this show, awoo
Bye-bye, everyone is looking at us, but bye
Bye-bye, you are chimba with me, no woman, no cry
Although I already know that it is the one with the least runfly
Bam-bam-biram, bam-bam

Oh, one that dancehall dance the doctor prescribed me
His mini, mini, mini, mini hypnotized me
Sexy gyal, you're loose, mommy, I know everything
His mini, mini, mini, mini hypnotized me
One that dancehall dance the doctor prescribed me
Your mini, mini hypnotized me
Sexy gyal, you're loose, mommy, I know everything
Your mini, mini hypnotized me

Oh, your style fascinates me, your style fascinates me, captivate
Hopi bo sanka, mommy, coax me
And put your hand on the wall
Just like the doctor treated me
Nothing generic, original, without chemicals
I am your Kapo, I am also your lollipop
My lollipop shines, like a pop star, mommy
Baby-baby, bye

Ayy, ay, ay
Bam-bam-biram, bam-bam
Your booty smile
Ayy, ay, ay
Bam-bam-biram, bam-bam

One that dancehall dance the doctor prescribed me
His mini, mini, mini, mini hypnotized me
Sexy gyal, you're loose, mommy, I know everything
His mini, mini, mini hypnotized me
One that dancehall dance the doctor prescribed me
His mini, mini, mini, mini hypnotized me
Sexy gyal, you're loose, mommy, I know everything
Your mini, mini hypnotized me

I, Gangsta",2484,True
Bad Bunny,BAILE INoLVIDABLE,2lTm559tuIvatlT1u0JYG2,es,"I thought I was going to grow old with you
In another life, in another world it may be
In this case I only have to go one day
And only see you in the sunset
If you see me alone and sad, don't talk to me
If they see me alone and sad, I am guilty
Life is a party that one day ends
And you were my unforgettable dance
And you were my unforgettable dance
Eh-eh, eh-eh
Eh-eh, eh-eh

While one is alive
One must love as much as one can

I thought I was going to grow old with you
In another life, in another world it may be
In this case I only have to go one day
And look at the sky to see if I see you fall
If you see me alone and sad, don't talk to me
If they see me alone and sad, I am guilty
Life is a party that one day ends
And you were my unforgettable dance

No, I can't forget you
No, I can't delete you
you taught me to love
you taught me to dance
No, I can't forget you
No, I can't delete you
you taught me to love
you taught me to dance

Yeah-yeah-yeah-yeah, hey
Tell me how I can forget you
There is a new step that I want to teach you
At night I can't even sleep anymore
What I do is dream of you

No, I can't forget you
No, I can't delete you
you taught me to love
you taught me to dance

How you kissed me, how I did it to you
How you looked at me, little beauty made me
It feels ugly not to have you close
The new mom is fine, but she is not your little mouth
My devil, my angel, my crazy
My devil, my angel, my crazy girl, hey

This sounds stupid
Let's do it again
Like last night, like last night
So, so, so-na-na, so-na-na
Squeeze, little boy, squeeze
There, there, there, let's go there!

No, I can't forget you
No, I can't delete you
you taught me to love
you taught me to dance

Oh, I can sleep with anyone
But not just anyone I want to wake up with
Only with you, with you
I dance with you, nothing more with you
A kiss wherever you are, wherever you are, baby

No, I can't forget you
No, I can't delete you
you taught me to love
you taught me to dance

And I have had many girlfriends'
But like you, none
I no longer have my sun, I spend myself on the moon
If I think about you, I'll jump
Eh-eh, my devil, my angel, my crazy girl
My devil, my angel, my crazy girl, eh-eh",2083,True
"El Bogueto, Yung Beef",Cuando No Era Cantante,6N2iccqxRInhTLHc2Fu3W0,es,"Hahahahaha
Haha, What Did You DoBella

Like before, baby, let's do it like before
Like when I wasn't a singer
(Before I became a gangster)

Mommy, I miss your smell, I need your warmth
Come, I want to make love to you
Listening to The Love Mafia in the background
Like we did before inside your room
Mommy, I miss your smell, I need your warmth
Come, I want to make love to you
Listening to The Love Mafia in the background
Like we did before inside your room

Like before, baby, let's do it like before
Like when I wasn't a singer
Before I became a gangster
Before you get that 'implant'
Like before, baby, let's do it like before
Like when I wasn't a singer
Before I became a gangster
Before you get that 'implant'

Stop hiding, I'm going to come out and look for you
Let me show you that I'm no longer the one before
Rico I'm going to treat you, our thing, that's apart
Let's go play sports, then go to the restaurant
Baby, let's do it, 'do it hard as before'
And if you want, tomorrow you can forget you
And give your mom a kiss for me
And if you want, you already know where to find me

Like before, baby, let's do it like before
Like when I wasn't a singer
(Before I was a gangster)
(Before I was a singer)

Mommy, I miss your smell, I need your warmth
Come, I want to make love to you
Listening to The Love Mafia in the background
Like we did before inside your room
Mommy, I miss your smell, I need your warmth
Come, I want to make love to you
Listening in the background to The Love Mafia (Prr)
Like we did before inside your room (Ah, ah)

I walk down the street, I walk in the joseo
You know, mommy, I take care of the ugly ones
Pending to you, I don't even read the others
I miss the perreos giving you de'o
You have me prisoner, come, give me that
That left my heart unscathed
I swear the process has been difficult.
I walk with asses, but, mommy, I think of you
And now I'm a bandit, but broken
Let's go to Louis V, I'll exploit it for you
Ma', I still have the photos
I'm crazy to break that thing for you

(Mommy, I miss your smell, I need your warmth)
(Come, I want to make love to you)
(Listening to The Love Mafia in the background)
(Like we did before inside your room)

Like before, baby, let's do it like before
Like when I wasn't a singer
Before I became a gangster
Before you get that 'implant'
Like before, baby, let's do it like before
Like when I wasn't a singer
Before I became a gangster
Before you get that 'implant'

Hahahahaha
Haha, What Did You DoBella",2515,True
La T y La M,Soy Favela,3TfRpsYPQSXqqramSoWlNg,es,,1429,True
Max Carra,UWAIE - versión cumbia,6UO9DhCUq4ZbQz7PXwelFV,unknown,,0,False
"Lauta, Amigo de Artistas, Tote",Puñaladas,4AL4EamHEBKPpdcFRkYdXN,es,,1350,True
Bad Bunny,DtMF,3sK8wGT43QFpWrvNQsrQya,es,,2403,True
"Roze Oficial, Max Carra, Valen, RAMKY EN LOS CONTROLES",Tu jardín con enanitos,6X8DTIJEgHUjZynuds0E2f,es,,1576,True
Bad Bunny,VOY A LLeVARTE PA PR,59D4DOkspUbWyMmbAPQkxZ,es,,1923,True
"El Bogueto, Anuel AA, Fuerza Regida, Yung Beef",Cuando No Era Cantante - Remix,2pbSCYzxrG0wa6qcj8IyiE,en,,5006,True
"Omar Courtz, Ñengo Flow",FOREVER TU GANTEL,1YAWMfsmduIrpqrjP45pFn,es,,3039,True
Rels B,TU VAS SIN (fav),6uiQ0DqbXTBc8tl0AUKZkR,es,,1536,True
Bad Bunny,EoO,6J5kc12BW5HuP3d7C3vvx8,es,,2444,True
"Bad Bunny, Omar Courtz, Dei V",VeLDÁ,7d6yK8v8J484SWH5prIQiE,en,,3393,True
"ROSALÍA, Yahritza Y Su Esencia",La Perla,4oVO4fGNRRvEn0CRuFO4qv,es,,1331,True
Bad Bunny,NUEVAYoL,5TFD2bmFKGhoCRbX61nXY5,es,,2202,True
Beéle,no tiene sentido,1HEwEN64NjgTaHmo7LfkX8,es,,1617,True
"La T y La M, Malandro",Amor de Vago,5MKbWaXeSQSmzmo7gPQha1,es,,1711,True
Airbag,Pensamientos,1H7ktqkQx1PIuPfNtqvaBs,es,,971,True
"W Sound, Beéle, Ovy On The Drums",La Plena - W Sound 05,6iOndD4OFo7GkaDypWQIou,en,,1839,True
Milo j,Niño,4aDbrgm1ZaebS1Bb2dOXac,es,,1482,True
"PEDRO SAMPAIO, Emilia, MC Meno K, Melody",JETSKI - Remix,7z26frY6O7BXwyjeqzYo7W,es,,1786,True
La T y La M,No Se Va,1Zh6HllrXT0Khrwk2j3TrZ,es,,61710,True
"Beéle, Ovy On The Drums",mi refe,4zhk2RS2EZODmBW6il55Qj,es,,1345,True
"Ovy On The Drums, Quevedo, Beéle",YO y TÚ,7koAf6aZgjO6TS7bipfPD0,es,,2255,True
"Myke Towers, Quevedo",SOLEAO,4OsBqqMwFabHATATT527tH,es,,2317,True
"Alleh, Yorghaki",capaz (merengueton),2dd3G3ZqEcG2cNS1tp3oEk,es,,2172,True
Bad Bunny,KLOuFRENS,4MUrUT38U98olfnyzMBCzm,es,,1937,True
"Rauw Alejandro, Bad Bunny",Qué Pasaría...,0l0vcZMU7AOeQmUIREoI2U,es,,2093,True
"J Balvin, Bad Bunny",LA CANCIÓN,0fea68AdmYNygeTGI4RC18,es,,2172,True
Babasonicos,Como Eran Las Cosas,61qPUnazSdkvua4wgA4L8C,es,,1213,True
Omar Courtz,POR SI MAÑANA NO ESTOY,595wwjQiad6e6lSTScmXvz,es,,3311,True
"Bizarrap, Daddy Yankee","Daddy Yankee: Bzrp Music Sessions, Vol. 0/66",2uPMsTEKx79gJ8rB3AcT0v,es,,1822,True
Bad Bunny,Tití Me Preguntó,1IHWl5LamUGEuP4ozKQSXZ,es,,2682,True
"Bad Bunny, Ozuna, Farruko, Arcángel, Ñengo Flow, DJ Luian, Mambo Kingz",Diles,6C1RD7YQVvt3YQj0CmuTeu,es,,3150,True
"Young Cister, Kreamly",QLOO*,7CMj1OOS1ho4CPEQTFKzcN,es,,1919,True
Airbag,Por Mil Noches,5vHWh24GAsXJ7tnIu8v7UN,es,,1352,True
Cazzu,Con Otra,2F6PBqz7aPA7K309aFKMHt,es,,1385,True
"PEPU, Pizzu",TENGO UN FEELING,1toIsvoqn3HCpdetMXk2sJ,es,,1891,True
"Bizarrap, J Balvin","J Balvin: Bzrp Music Sessions, Vol. 62/66",04YMLAsyIAe1sLb6RO5YcC,es,,1811,True
"Blessd, Anuel AA, Yan Block, Luar La L, Kris R., ROA","YOGURCITO REMIX (feat. Kris R., ROA)",7nrd0eIftH3NQLfgk20Qp9,he,,4993,True
No Te Va Gustar,A las Nueve,0CgpCtEPvyDizcg2p47VrU,es,,900,True
Djo,End of Beginning,3qhlB30KknSejmIvZZLjOD,en,,959,True
"Bad Bunny, Chuwi",WELTiTA,5WEF0icHWmAZBBMglBd599,en,,2194,True
Plan B,Es un Secreto,3KZCP2StVGdWkOKyRZNWA4,es,,1913,True
"No Te Va Gustar, Juan Casanova",Tan Lejos,44m9PAUZYeOEGeaTYh6NAl,es,,1085,True
"Milo j, Trueno",Gil,5jgmQkVypORb3enASCxjYs,es,,3151,True
"Maria Becerra, TINI, XROSS",HASTA QUE ME ENAMORO,7rfYGYxsZzQAhlJy5B0IcW,es,,1582,True
Gustavo Cerati,Adiós,1rh4kDY9T4fHVDum8Foi5k,es,,714,True
Plan B,Fronteo,0AXKoQuC2NQ8S2QRF0Gu02,es,,2567,True
Bad Bunny,NO ME QUIERO CASAR,39L3LdlHS3gqB62HPWaJRg,es,,2532,True
"Tincho & Javi, Max Carra",Loco Enamorado I Varieté #4,0UaxhDrvCVcCWCqYQUeeFF,unknown,,0,False
Intoxicados,Nunca quise,0ZAJ660VP57lLK4U7NlGOy,es,,1420,True
Callejeros,Creo,5Bi9Cq5oVFy1OtUgecbegZ,es,,1192,True
Danny Ocean,Me Rehúso,6ifUES3keWjwXgae8pXI3o,es,,2084,True
"Tiago PZK, Ke Personajes",Piel,6kPCcIAGoTeRrh8qrmKa90,es,,1380,True
"Maria Becerra, El Alfa, XROSS",HACE CALOR,4tabsd3NLLwuT90wkuNh7C,es,,2600,True
Patricio Rey y sus Redonditos de Ricota,Un Ángel para Tu Soledad,6kUopck7LHVadAjAFcXiTj,es,,838,True
"Luck Ra, Miranda!",TU MISTERIOSO ALGUIEN (CUARTETO) (feat. Miranda!),4Kzi8hXKkT87SQoYClizh0,es,,1136,True
"Omar Courtz, ROA",WO OH OH,0h54mLixODOqU6vTcZMqVM,es,,3015,True
"Q' Lokura, Los Herrera",Cuidado Que Te Supero,2Xetks48zQL2K7xUbJBHRn,es,,10890,True
"Héctor ""El Father"", Wisin & Yandel",El Teléfono,614NVFo5csQqRnryl4jXs2,es,,2483,True
"Luck Ra, Karina, RAMKY EN LOS CONTROLES",LADRON,2NMctdE1VuUUc4VctEqamB,es,,1140,True
Taylor Swift,The Fate of Ophelia,53iuhJlwXhSER5J2IYYv1W,en,,2356,True
"Anuel AA, Haze",Amanece,1LiN0Z98FkR1t0m8KmLcAH,es,,2358,True
Turf,Pasos Al Costado,7upAH0ezzsThyvr33YKn4u,es,,1352,True
"Anuel AA, Daddy Yankee, Zion & Lennox, Farruko, Wisin",Sola (Remix),5q2JbCNi4FcnglgPfxcV65,es,,4143,True
Felix Record,Cuentame,2lg4MDfkK2ya3dEAFu6Wh8,es,,1731,True
De La Rose,Yo te conozco :):,1yG1za0O6OK6sKa79xGtsA,es,,1158,True
Babasonicos,Irresponsables,6d4d6cwiAf59mKxoRmXQoK,es,,798,True
"Yan Block, Panda Black",444,1o4xkdBe0RjSf2u6VXi4OI,es,,2156,True
"Jere Klein, Katteyes, Mateo on the Beatz",TODO KE VER,3D9mWy43zoJFWQUE6sz6ax,es,,2032,True
Los Huayra,La Noche Sin Tí,6dT5W7zuEcUZHnZuVlSIJ5,es,,1209,True
Los Piojos,Bicho de Ciudad,0oCiPqIEL5218yu2D996eP,es,,1154,True
Omar Courtz,KOKO,1tz7RZirwiuaJw2p0jbdHb,es,,2078,True
Maluma,Borro Cassette,6DUdDIRgLqCGq1DwkNWQTN,es,,2598,True
"Yan Block, Panda Black",Talento,7sChwC2NZjGc2Kdni3hlDg,es,,1635,True
"Pablo Chill-E, Ñengo Flow, Jere Klein",Bastardo (feat. Ñengo Flow & Jere Klein),7xjFEvchFCiAmuseCBModI,unknown,,0,False
Los Tipitos,Campanas en la Noche,0C9V5jMElp7laZZdsCHufD,es,,1252,True
Omar Courtz,SI ESTÁS CON ALGUIEN,7nyk5uxevcijIfl1FlJgmA,es,,1835,True
"Anuel AA, Bad Bunny",Hasta Que Dios Diga,06s3QtMJVXw1AJX3UfvZG1,es,,3498,True
Ciro y los Persas,Me Gusta,67Q93kXygxCskeQiIP0V0j,es,,972,True
Bad Bunny,MONACO,4MjDJD8cW7iVeWInc2Bdyj,es,,3063,True
La T y La M,amor de veraNO,6WJ2QzbVnjmPGKpmb6tmmO,es,,1551,True
Airbag,Nunca Lo Olvides,4581iSIX0QZNNzAQRysF3k,es,,1259,True
"Yan Block, TORRRES",Yo sé,5DdLSEyKh8zgCrJq2hFj92,es,,1482,True
"Milo j, Taiu",Rara Vez,7MVIfkyzuUmQ716j8U7yGR,es,,1309,True
El Plan De La Mariposa,Túnel de la Vida,3NlHH9zJ9uGXkm6NJDbLnO,es,,1088,True
DesaKTa2,No Se Ve / Chingon,1wDZFWLswOdkP3PBOWiSwI,es,,2479,True
Airbag,Cicatrices,23FJGRug9hlYUIBnrmkIBX,es,,760,True
Pablo Chill-E,Resentia,2ANtIUI9cipWNI685VdlZb,es,,2300,True
Jin,Don’t Say You Love Me,27xkOIER6uDLKALIelHylZ,en,,1376,True
Zion & Lennox,La player (Bandolera),0VKkyBKCXyR99navhVRqcP,es,,2924,True
Tan Bionica,Obsesionario en La Mayor,5EGVGkRRJ2udpRnVGpx8LM,es,,1557,True
"Romeo Santos, Prince Royce",Dardos,5SudOD9R1Of6CsJVWZy6CQ,es,,2117,True
Anuel AA,Tú No Lo Amas,0fLOPPoyIaPTe8dm2Mrft3,es,,3204,True
Los Auténticos Decadentes,Un Osito de Peluche de Taiwán,6iCnJkKswtMYoSmT58HmEn,es,,1937,True
Patricio Rey y sus Redonditos de Ricota,Un Poco de Amor Francés,14rcLGX83RpsORAIzC4U4g,es,,618,True
Q' Lokura,Quédate / Soy Favela / Lo que hay x aqui - En Vivo,3sfrXcrMPS2KMQmzdmjEmp,unknown,,0,False
La T y La M,El Doctorado,1yg1tWFaYajN4b7vsKtYRE,es,,4271,True
Miranda!,Tu Misterioso Alguien,4ksf1UdqNc9pU8R4ZZrgdY,es,,1227,True
"Luciano Pereyra, Ezequiel Y La Clave, Un Poco de Ruido, Pinky SD",Si No Es Muy Tarde - Versión Cumbia,4KRlNVLHn2ZgGvpjnga31N,unknown,,0,False
KAROL G,Si Antes Te Hubiera Conocido,73scB4Q4fcOmnsBVZPmk32,es,,1704,True
"Fuerza Regida, Grupo Frontera",COQUETA,1PREzVLuDT6PSE9sej4wnV,es,,2323,True
Bad Bunny,Moscow Mule,6Xom58OOXk2SoU711L2IXO,es,,2313,True
"Luck Ra, BM",La Morocha,6vRQqxOhUFd78p5tL8jXr7,es,,1324,True
Los Auténticos Decadentes,Loco (Tu Forma De Ser),3ydweVPwq9PCEVJ8WwqT6u,es,,1281,True
Omar Courtz,⁠LUCES DE COLORES,5dDlknAL9imbXXl7uG7oqe,es,,2308,True
The Police,Every Breath You Take,1JSTJqkT5qHq8MDJnJbRE1,en,,1909,True
"Maluma, Trap Capos, Noriel, Bryant Myers, Juhn","Cuatro Babys (feat. Trap Capos, Noriel, Bryant Myers & Juhn)",0JoHqmlqE0W0i9prt6kcHR,es,,3539,True
Airbag,Cae el Sol,1Mqfdem6pgGVoULjSkkcc9,es,,1335,True
"Eugenia Quevedo, Angela Leiva, La banda de Carlitos",No Podrás - En Vivo,3X8jKI7kHrbhqgLboG14tw,es,,1771,True
Babasonicos,Puesto,5zpZUFF7YyPG90nkR88RYd,es,,1054,True
Soda Stereo,Trátame Suavemente - Remasterizado 2007,65DBZofI0b79kfHTcWWDuU,unknown,,0,False
"DesaKTa2, Aneley",Estaba Aqui Pensando,5GUgnXDDO4raKkT9lO5F1x,es,,76741,True
Yandel,Encantadora,7LABrQFfRYcZUqUwng0Heb,es,,2407,True
Bad Bunny,Otra Noche en Miami,4vCAzANUWDE24URV6wQ4ra,es,,2050,True
"Bad Bunny, Bomba Estéreo",Ojitos Lindos,3k3NWokhRRkEPhCzPmV8TW,es,,2609,True
"Callejero Fino, Martin Vegas",TIKI TIKI,7GSKEUunbDOtPSG1TLXq8e,es,,2037,True
No Te Va Gustar,Ese Maldito Momento,6MuJUSYCqA4FpMogUHzb2R,es,,784,True
Angela Torres,FAVORITA,6EhX9FjpQZ5CohoGeqUM2u,es,,1506,True
Kapo,UWAIE,0fMjldiEpgjbWQ4bBQwVzH,es,,1416,True
"Estelares, Jorge Serrano",Ella Dijo,6cFf4Jfy7ThUwGzbqFcZsx,es,,1408,True
La T y La M,Un Montón de Estrellas - En Vivo Gran Rex,1R3ubqAHKHE6f64Hz37q8h,unknown,,0,False
Babasonicos,El Loco,2jEjxOyKqMpkcThWl697hf,es,,844,True
Andrés Calamaro,Flaca,1p7m9H4H8s0Y7SgRm7j3ED,es,,917,True
Las Pelotas,Personalmente,7q7XFO9av9VpNJSXKJwJxD,es,,680,True
"Rauw Alejandro, Romeo Santos",Khé?,1YYfyJ2yCvGFCxwjsIqEK9,es,,2054,True
Las Pelotas,Será,60IzIxSuVAtU71yCmHjxHH,es,,641,True
Mon Laferte,Tu Falta De Querer,4skuEIloXWuxxgekKupkEH,es,,1024,True
Patricio Rey y sus Redonditos de Ricota,Esa Estrella Era Mi Lujo,1buwr89mlvxbaqArqmvCYS,es,,328,False
"Yan Block, De La Rose, Hades66, Ñengo Flow",444 - Remix,5AK6QqM8aUXXTk6oY00ZRh,es,,4384,True
Romeo Santos,Imitadora,6r46lnXFbE9fr2d3KNaGbe,es,,1726,True
Milo j,M.A.I,35ttE4t8lQZA2vuCYDg4G7,es,,1800,True
Omar Courtz,VAMOaCOCHI,1oghNMGW42IhtQPNU6leZz,es,,2517,True
"Ke Personajes, Onda Sabanera",Pobre Corazón - En Vivo,1AX4aybSRyXHWrjg27wTFE,unknown,,0,False
"Feid, ATL Jacob",LUNA,7bywjHOc0wSjGGbj04XbVi,en,,1662,True
Anuel AA,¿Qué Nos Pasó?,7k3qWn8D43a5ISa3x8lJux,es,,3114,True
"Jory Boy, Bad Bunny",No Te Hagas,5hKjEpYrJIJs6uPl7zw6Y6,es,,2203,True
"Rauw Alejandro, Chencho Corleone",El Efecto,4SJHHpKhcuXwDsCsPqshXj,es,,2351,True
"KHEA, Duki, Cazzu, Omar Varela, MYKKA",Loca,0vnrhysrKKRdNYFKLAGzRc,es,,3809,True
"Luciano Pereyra, The La Planta, Un Poco de Ruido, Pinky SD",Es Mi Culpa - Versión Cumbia,78OOLg1XsVW0QQkfHP2VEV,unknown,,0,False
"Maria Becerra, Paulo Londra, XROSS",RAMEN PARA DOS,5KJacLbQNuqzR9IizaPI6h,es,,2861,True
Plan B,Fanatica Sensual,1DrDfpOx4P4LMxFhtOmeyD,es,,2370,True
"Marc Seguí, Rauw Alejandro, Pol Granch",Tiroteo - Remix,4OwhwvKESFtuu06dTgct7i,es,,2906,True
Cumbia rocha,"Suena en la Previa, Vol. 2",0LswOwsXAfPYLGVwqRlNyW,unknown,,0,False
"Trap Capos, Noriel, Bad Bunny, Arcángel",De las 2 (feat. Bad Bunny & Arcángel),4DS7HoqrKq1dDjeYOKBlu9,es,,2863,True
"DobleP, Peipper, Locura Mix, VERNAZ",PUTERÍ4,1IgrATr9zMmRjtFVFY6O7s,fr,,103103,True
"Emilia, TINI, Nicki Nicole",blackout 🧊,1KaXG7dVdwMH3gCtiAU39t,es,,1995,True
"Omar Courtz, De La Rose",Q U E V A S H A C E R H O Y ?,0Sr7ssScx54yxdM2ols7nW,es,,2540,True
"Pinky SD, Un Poco de Ruido, Uriel Lozano",Conmigo Te Gustó,4eqXTlaHeK6xkM1fRx9wR5,unknown,,0,False
"Bad Bunny, Los Pleneros de la Cresta",CAFé CON RON,6VNXmo59yDYgcwLS17UNAW,es,,2258,True
"Omar Courtz, De La Rose, Haze",Kyoto,7eNwwoxDR8KVzNAuGvliAO,es,,3161,True
Sabrina Carpenter,Manchild,2BwO5K8Q7EPAJSGze3AAh9,en,,1578,True
"Ulises Bueno, DesaKTa2",No Puedo Fingirlo,06WyITrA2pZJT5Nt79AOrb,unknown,,0,False
"Tainy, Bad Bunny",MOJABI GHOST,46YjJXVXWHlQ21odKktg5e,en,,2046,True
Patricio Rey y sus Redonditos de Ricota,La Bestia Pop,6BHlafXY1L2eetDCwict05,es,,760,True
"Callejero Fino, Lea in the Mix",NO LES DA,6pryujEohwqSNKGTW33SKE,es,,1168,True
Boza,Hecha Pa' Mi,3VvA1wSxukMLsvXoXtlwWx,es,,2229,True
"Big One, FMK, Ke Personajes",Un Finde | CROSSOVER #2,3tiJUOfAEqIrLFRQgGgdoY,es,,1414,True
"Bryant Myers, Anuel AA, Anonimus, Almighty",Esclava - Remix,2Mgur7BKnpr7OG3izSNFTA,es,,4371,True
"DENNIS, Luísa Sonza, Emilia",MOTINHA 2.0 (Mete Marcha) - Remix,2iDDnYmaz1HhedjI91fbmp,es,,1378,True
"Luck Ra, La K'onga, Ke Personajes",Ya No Vuelvas (Versión Cuarteto),0u6JsFiEEXb6kaF0oqyeFi,es,,1753,True
Bad Bunny,Enséñame a Bailar,2NMjggapJcXXM7WccGEBUO,es,,1791,True
"Lady Gaga, Bruno Mars",Die With A Smile,7so0lgd0zP2Sbgs2d7a1SZ,en,,1402,True
"Intoxicados, Andrés Calamaro",Fuego,6q41qt2R9K8BXEzmzImEGO,es,,1657,True
"Luck Ra, Abel Pintos",QUE ME FALTE TODO,1TyBUtMxdmRfXhW3MmbxtQ,es,,1318,True
Los Piojos,Tan Solo,6Soxxi73U6SO4rOGJwYYxI,es,,872,True
"Feid, ICON",FERXXO 151,2Cl4HCBmPddQNZEncdoXp0,es,,1463,True
Airbag,Solo aquí,0OcYoSGA1CFGZcCuPLyfhj,es,,915,True
"Callejero Fino, La T y La M",Te invito a bailar,17vFIehhv8hKSXYn5Ce4Pk,es,,1535,True
"Zion & Lennox, J Balvin",Otra Vez (feat. J Balvin),3QwBODjSEzelZyVjxPOHdq,en,,2269,True
"Blessd, Anuel AA, SOG",TE CANTO BAJITO,3I1jcOmPwnzUR5yduDK3yb,es,,2628,True
Maluma,El Perdedor,1iEwyiSLAunPR6uouANE0O,es,,2654,True
Cosculluela,Manicomio,3UVM7rdOSbm2vKDXB9SsWo,es,,2440,True
DesaKTa2,La Diabla,6PaIQ2qR59qiqXgjeTFwJA,es,,2324,True
Bad Bunny,Si Estuviésemos Juntos,35wvL50xvKpCHEJPxLOLPI,es,,1317,True
"Los Ángeles Azules, Emilia","Perdonarte, ¿Para Qué?",4dLLdfiniBhDP9dlJQIOi4,es,,1456,True
"Eugenia Quevedo, La banda de Carlitos",Como Lo Hizo? - En Vivo,3KAdpFK7rveKAAwpgjwhNn,es,,3576,True
Soda Stereo,De Música Ligera - Remasterizado 2007,2WD9ggmpZE7Wodh3qVVCgg,unknown,,0,False
"Cosculluela, Bad Bunny",Madura,5n2XTRsYFlZwNBp06KAjDX,es,,2495,True
"Indio Solari, Los Fundamentalistas del Aire Acondicionado",Había una Vez...,3ayHT7okY784fCWMYDbspt,es,,853,True
Mancha De Rolando,Arde la Ciudad,3SyKG06yOK3omo29EwZ8dP,es,,975,True
"J Balvin, Bad Bunny",QUE PRETENDES,25ZAibhr3bdlMCLmubZDVt,es,,2245,True
"Arcángel, Bad Bunny, Mambo Kingz, DJ Luian",Tu No Vive Asi (feat. Mambo Kingz & DJ Luian),6NSMQFKgjpQb0KkjMDYIK0,es,,1862,True
"JHAYCO, J Balvin, Bad Bunny",No Me Conoce - Remix,2beS6dD5rovBxSA1zYoSHR,en,,4828,True
"Max Carra, Lira",VIAJEMOS EN EL TIEMPO #1 | Quien Te Quiere Como Yo,6il9B9hrZPNpXei57XM1Sv,unknown,,0,False
Patricio Rey y sus Redonditos de Ricota,Tarea Fina,4mZHvbJWkK9uVmD9SvHKao,es,,761,True
Babasonicos,En Privado,0ZyNiSXRbq68lmBjV0vJkR,es,,1390,True
RAYE,WHERE IS MY HUSBAND!,55lijDD6OAjLFFUHU9tcDm,en,,3346,True
"J Balvin, Bad Bunny",Si Tu Novio Te Deja Sola,2joKSGkqac0LIwYG9Ghrwq,es,,2429,True
Airbag,Verte De Cerca,3pevHGhwL0brjFQfPABwns,es,,1128,True
Viejas Locas,Me Gustas Mucho,2kB1rqoTaZ3j6ChtIWGurm,es,,660,True
"PEPU, Nico Valdi, Pizzu",FAR AWAY,3pcXMfSwwXGcucdrDb6Awd,es,,1465,True
Airbag,Ganas de Verte,3JCian69xIfy8A4799Og5f,es,,1047,True
La T y La M,Como Se Siente,0tQDrJxQcB5zKGrHx43xUj,en,,3715,True
"Maria Becerra, Rei, XROSS",MI AMOR,1CSdu8EHZzV0DjYB6RNXbX,es,,2153,True
Bad Bunny,TURiSTA,7tCuCjhxzjX2XCz4JiiAsp,es,,981,True
Beéle,quédate,6VfL3MEuYeJbDlD8m011HR,es,,1449,True
"PinkPantheress, Zara Larsson",Stateside + Zara Larsson,1DwscornXpj8fmOmYVlqZt,en,,2337,True
Kenshi Yonezu,IRIS OUT,59hVbgr8rfYkDbHfr8RcGI,ja,,894,True
Mrs. GREEN APPLE,lulu.,0vE1WglBbhmd5wDO49lcih,ja,,1344,True
M!LK,Bakuretsu Aishiteru,1F1hibBCtNeObRMmEMLHNh,ja,,648,True
HANA,Blue Jeans,6hnk0Fesq9JOhWpck8HJsj,ja,,988,True
M!LK,Sukisugite METSU!,0vDqNzQqEhl7boeRS3Joli,ja,,742,True
HANA,ROSE,3920QegiL2PHmaYYBVwexC,en,,1483,True
ARASHI,Five,2cIqVZFyBH8h5dnrzBvtre,en,,1095,True
Mrs. GREEN APPLE,ライラック,21VsLvoE7elUmJZLSawaMh,ja,,800,True
King Gnu,AIZO,65X2koe1LhDgQmRkNdJFv9,ja,,1049,True
back number,花束,3QIAwtEEDOrv0g5NKCGrXZ,ja,,591,True
CHANMINA,SAD SONG,2zxK14g3shGRbgjUmKaj2x,ja,,1114,True
back number,ブルーアンバー,35MeePbBnryubkVG0v8GbI,ja,,406,False
BE:FIRST,夢中,7KNY1e9x1MDvpBAmIAN3tz,ja,,941,True
Mrs. GREEN APPLE,Soranji,3YML5IHoqWbw9c9vJJvrvM,ja,,729,True
HANA,Cold Night,79wd94vXLJngCwTAVtzYvr,en,,1565,True
back number,ハッピーエンド,4GqO80eGXA542oTvlYv4LS,ja,,597,True
"Mrs. GREEN APPLE, Sonoko Inoue",点描の唄,1sIIlVrnPhrvmTrHtzM7tV,ja,,476,False
Mrs. GREEN APPLE,ダーリン,7ikOwlVju9HYUKthPiNHwr,ja,,623,True
HANA,NON STOP,2q910scaHhg6GmqnUKOGHU,en,,2384,True
HANA,Drop,3OOKZkrUWnMdWJFAvy0b58,ja,,1524,True
Jimin,Who,7tI8dRuH2Yc6RuoTjxo4dU,en,,1610,True
back number,高嶺の花子さん,2jdbZGFp8KVTuk0YxDNL4l,ja,,603,True
back number,水平線,3RvdkNMcSy71m0aT6UF9Uf,ja,,488,False
"Kenshi Yonezu, Hikaru Utada",JANE DOE,4oE7MyJhqSD3BaHRpNs8Nl,ja,,520,True
AiNA THE END,革命道中 - On The Way,1oFqKeepmT5S8BCGqJl7Ar,es,,1682,True
HANA,ALL IN,6lOUOvcscCHUofusbjbYV2,ja,,1095,True
Mrs. GREEN APPLE,僕のこと,0tnhoHUrHfcLi9hPknUFZ4,ja,,639,True
HANA,Bloom,2ezkOPL49H0ZrQYM6y328n,ja,,912,True
CHANMINA,ハレンチ,2BfzhBl79bcPOHHXAXJkTY,en,,1230,True
Vaundy,Kaiju no Hanauta,7dTW21YAJxnAOiUh7Rtu9S,ja,,640,True
Number_i,3XL,3sNbkM4pIy1l7p6K2lhpvm,ja,,1072,True
back number,HAPPY BIRTHDAY,4FMz2RFrbDGzJO7K4D0vS3,ja,,469,False
Mrs. GREEN APPLE,青と夏,5BC6kr6etk2Y9J62AyI4i3,ja,,541,True
King & Prince,Theater,6iltt0n1DkQ0AtCcwxXNZJ,ja,,1018,True
HANA,My Body,2AdYT7oPiAASC46qF43dia,en,,1745,True
sakanaction,Kaiju,6FhWelfRDMFZRtFUU6SIdC,ja,,606,True
Mrs. GREEN APPLE,ケセラセラ,0teqQ0PYqVDyyXJuPOyMhu,ja,,793,True
back number,どうしてもどうしても,6hlYmR30RGaHIz4UlVOG2U,ja,,522,True
back number,ヒロイン,3hBAYbAECEix9raaTq8S3H,ja,,543,True
Snow Man,カリスマックス - CHARISMAX,76OElzXqlyLCdlSypwSKBy,ja,,1024,True
Mrs. GREEN APPLE,クスシキ,57zS3lPil2VxdlBLXHu8l2,ja,,609,True
CHANMINA,Never Grow Up,5aDgM8rYPT15CqjkN1EIKq,ja,,1034,True
natori,セレナーデ,0CWAQlHsvfqcKJVVz9up2R,ja,,874,True
"HUNTR/X, EJAE, AUDREY NUNA, REI AMI, KPop Demon Hunters Cast",Golden,1CPZ5BxNNd0n0nF4Orb9JS,en,,1567,True
back number,恋,7f9DsQEsIoeTwKxV6shsom,ja,,507,True
Lilas,恋風,3gw8n3DG28VaYGuVc3lqxl,ja,,441,False
HANA,Tiger,20VZXnRzvcS0qVMOThjjmM,ja,,1153,True
CHANMINA,TEST ME,1chmVQLbEPT5890S0X55pe,ja,,671,True
Number_i,GOD_i,0burgYTcpItZGiRjvWhJjM,ja,,1467,True
Number_i,LAVALAVA,7vgZhgyZBkGJvuh37tJnJo,ja,,1349,True
HANA,Burning Flower,5a3s0iaDfGW06yLfwFnmT7,ja,,1529,True
HANA,BAD LOVE,6M4fRouHq1Zxtl05ifoeAL,ja,,1937,True
sakanaction,IRANAI,7lT3oj3gxE6AJb87ZK8up7,ja,,619,True
back number,君の恋人になったら,0k4KaqElLVjdR6sVHPTS6h,ja,,522,True
Mrs. GREEN APPLE,GOOD DAY,61UOoqGI1B9qdeD5Dzupyb,ja,,1239,True
back number,瞬き,7hIfpcdUZcyCKHYy8gp49E,ja,,504,True
Remioromen,Sangatsu Kokonoka,4g066xFUp3cTUuTfOCPytT,en,,1121,True
Sukima Switch,奏(かなで),5RbMlPFL4gVyEHW2lEOuzG,it,,1073,True
back number,幸せ,1YVuXOCjN1GkGYqZ8RCcF3,ja,,682,True
Superfly,愛をこめて花束を,7CmWXD3w1xOO53AAO4LRVQ,ja,,639,True
IVE,BANG BANG,7pBE8YpFoZ9ankC2Ci5z9X,ko,,1582,True
back number,オールドファッション,0Xn30nT5EKFPsWvpiJ2Iav,ja,,552,True
Aimyon,Marigold,2cKiHG16JBiqHdi7Llq0r7,ja,,600,True
=LOVE,劇薬中毒,6FomeOYunnOCSG2eqkaHn0,ja,,20488,True
Hearts2Hearts,RUDE!,0WA27lZzPKFJKAbiDRmQDc,en,,1771,True
Aimyon,愛を伝えたいだとか,0N8Xztr4pBHJ7V0moJWhbO,sw,,1563,True
=LOVE,とくべチュ、して,2XS2jEncSJsetNZdVtlpeo,ja,,858,True
M!LK,E Jan,0jj4mLjwYcos3PPzjQwVzh,ja,,747,True
BellyJay,MONTAGEM HIKARI,0XqgE9UN4MCo5ooIwUYm7l,en,,736,True
KANA-BOON,シルエット,1di1C0QI6Y92yZPYn6XYAZ,ja,,487,False
Aimyon,君はロックを聴かない,59eluCMn0XbOWqeWQ91FTM,en,,1232,True
Mrs. GREEN APPLE,インフェルノ,2vOAHp8PBBFYqvQUWSoITY,ja,,495,False
Macaroni Empitsu,恋人ごっこ,2SihT7AVMiI2VtaAyVIcnO,unknown,,0,False
Snow Man,オドロウゼ！,0MV9cdI2SS1s0tIkl9fTR8,ja,,1127,True
Fujii Kaze,Kirari,3L7ISJTvKx56uhsF28aJ4p,ja,,640,True
yangskinny,Setsugekka,21UVLrJ0yuJ6CGeElXMG0C,unknown,,0,False
SPITZ,楓,0b7IBgZjedM53ufZV4f4CL,ja,,398,False
SPITZ,チェリー,1ihCiJaXRl4f6Sy4LJov5z,ja,,452,False
XG,HYPNOTIZE,3fEX9NgOeklq816Fw00uoo,en,,2064,True
OFFICIAL HIGE DANDISM,Pretender,15HNdxGKNCIO9pgaY4n7FU,ja,,730,True
Mrs. GREEN APPLE,ダンスホール,4QIKSlDV5YIjr0kqT1Ad32,ja,,560,True
Yorushika,晴る,6kFIakexzgsZwsfWDmb36o,sw,,1038,True
Kenshi Yonezu,アイネクライネ,45YBVp6zMwQZRbUDcPzmMB,ja,,735,True
Yuuri,ドライフラワー,4kPlQKwtPrnqLgrmmKFSlA,ja,,576,True
back number,怪盗,014Dp0tBp4d9uuFAvH1mlc,ja,,456,False
Mrs. GREEN APPLE,春愁,5SHguvOUbyPTINNjCvRo8K,ja,,502,True
Macaroni Empitsu,なんでもないよ、,5W7Y92LB4jWvu9NeEQ0GZl,ja,,546,True
Omoinotake,幾億光年,5Ak1F5nGzM4KRhE0H1Q3CP,es,,1626,True
King Gnu,白日,172fMG26G2OoEzzg0wn26r,ja,,342,False
Mr.Children,HANABI,77lmDcPPyY6kK907gdgC6i,ja,,755,True
RADWIMPS,Seikai,6vg9UGXRVL4YKNVqVMmOKF,ja,,873,True
RADWIMPS,me me she,0BYa5V0RyOYthDeCMUBJQZ,ja,,596,True
CHANMINA,B-list,0mBPNrXQjNv3NfzqrljAZZ,en,,1697,True
"Disney, Shakira",Zoo,3vJIaiTIHxHhYafTSPNiH4,en,,2523,True
King Gnu,SPECIALZ,5oQpH1uuZte4axR411rIlN,ja,,943,True
BLACKPINK,GO,3FZPp9lBUvhsxFxKJi3VkB,en,,1500,True
GReeeeN,キセキ,7ztdl6cnbJgHRdMkKldkts,ja,,762,True
Vaundy,Tokimeki,3e0Td8QexmD5l3DJzXbbcC,ja,,1139,True
sakanaction,新宝島,4a48lWUd64bZgHUDx0GZlj,it,,731,True
SPITZ,ロビンソン,0sVnyL71jTOuMt9TZ59bws,ja,,392,False
Kenshi Yonezu,さよーならまたいつか！- Sayonara,5pN2AyWwjzwRoI7gukEVNd,hr,,1341,True
Novelbright,ツキミソウ,6sElEqOIGENWjpxGFeo5ct,ja,,507,True
back number,クリスマスソング,5P8ZvBQoCrujjNcLAxO3Su,ja,,637,True
Vaundy,Fukakoryoku,6AncLCxf4U7ivJEaqih9zA,ja,,890,True
Fujii Kaze,Tabiji,7uSLJCDetmdm3tQcoYLyty,ja,,455,False
Kenshi Yonezu,Lemon,04TshWXkhV1qkqHzf31Hn6,ja,,581,True
natori,プロポーズ,2BcQfb9SfauDQdeXHTfLsT,ja,,742,True
Aimyon,Naked Heart,4Jv7U0JJpbQnOrjtDwDZTZ,ja,,369,False
Mr.Children,Again,242tGHok7sRTVjCaTS0FoH,unknown,,0,False
Lilas,パズル,2vdoeTuRLpYeyo3JZC9yzR,ja,,756,True
Jimin,Be Mine,3LWVXp636uLT356Rj08Jaz,en,,1806,True
Yorushika,春泥棒,1rr2DJOxV0sHXeUXCAz1yf,de,,1378,True
Yorushika,ただ君に晴れ,3wJHCry960drNlAUGrJLmz,eo,,1129,True
Ed Sheeran,Shape of You,7qiZfU4dY1lWllzX7mPBI3,en,,3235,True
Fujii Kaze,Garden,5U4PgFWzfzY7VEg9Ck4ziF,en,,855,True
Hikaru Utada,First Love,39HrUxcvKF3jtLz7fUDWXc,ja,,685,True
tuki.,晩餐歌 - Bansanka,075HUD50Nuea3rNaABIsNZ,ja,,615,True
OFFICIAL HIGE DANDISM,Subtitle,5ZkHkXPHrIM8K5twCe78i9,ja,,921,True
Mrs. GREEN APPLE,Magic,170XOP1T4MvY9TLTgPw07D,ja,,781,True
PornoGraffitti,アゲハ蝶,3blWd9ZEt4VSY5udhugpRs,ja,,659,True
OFFICIAL HIGE DANDISM,Rashisa,2TRxremVZ0t2JVu5OFxbiA,ja,,934,True
OFFICIAL HIGE DANDISM,I Love...,5wWLNNwMAehpj83FU4Lz0m,ja,,669,True
SG,"Us, again",6II2hXGYMd9cTZWshcPUf8,en,,1354,True
OFFICIAL HIGE DANDISM,115 million kilometer film,278JqkBGkjDovOYAwE8TW7,ja,,813,True
Aimyon,Harunohi,1oNeSCt0CMekCyyLo06kFs,en,,2023,True
Yorushika,茜,2TSJ1d6cLgHqrrCIRN3bn2,ja,,471,False
Novelbright,愛とか恋とか,1VHL1PIkhDwWbFc65xHwOr,ja,,596,True
BLACKPINK,JUMP,5H1sKFMzDeMtXwND3V6hRY,en,,1457,True
Yuuri,ベテルギウス,4JK1kDUdH9RTBQrrSO1QfR,ja,,647,True
OFFICIAL HIGE DANDISM,Make Me Wonder,1sgW7loPL1qtWOPimvm7X5,ja,,1392,True
HANA,Tiger – HANA with HONEYs Ver.,3TJSJtYzjxRaDi0ULwwyTt,en,,1304,True
Vaundy,踊り子,1YXot2MLAG9sttepCtBRM7,ja,,909,True
SUDA MASAKI,さよならエレジー,3oYD2O31b05fILFpv0AXRI,ja,,425,False
Kenshi Yonezu,KICK BACK,7oYCBKvdjrqp5vDbhDBuac,ja,,1012,True
CANDY TUNE,BAIBAI FIGHT!,4oiJ7VynczppKs3oRObXSG,ja,,1904,True
Kenshi Yonezu,感電,6H0PLsSYMzDOqhLgyOlzIj,en,,1864,True
Macaroni Empitsu,ブルーベリー・ナイツ,2UdvMWk0Z83lMJPbawy2Sm,ja,,567,True
KiiiKiii,404 (New Era),24rDDbSlFY9OHrlJb48CRh,ko,,1652,True
HIRAIDAI,"Stand by me, Stand by you.",7DyS11kB1YNrfDzQqtjmTh,ja,,780,True
Takaya Kawasaki,ぬくもり,105cC947hT8ToEXt5ZN6qz,unknown,,0,False
Vaundy,花占い,4ETc1oFREuqQss7VQ1Y4mj,ja,,597,True
IVE,BLACKHOLE,2ytQFMxdreEFPPZTtyDdqM,ko,,1374,True
Fujii Kaze,Michi Teyu Ku (Overflowing),5glPFBAuA1C85tBcVWVzvO,ja,,545,True
Mrs. GREEN APPLE,ロマンチシズム,0JcI7OdALbpSFkyKoufRYs,ja,,628,True
Saucy Dog,Itsuka,5gjAdhfzftzFR7sriEYUCt,ja,,563,True
GReeeeN,愛唄,7iXHLtPosbHvglVSJ4rxLq,ja,,537,True
CHANMINA,花火,4rtJHOlUnGem3BQCVWfrjD,ja,,759,True
"CHANMINA, No No Girls FINALISTS",SAD SONG - From THE FIRST TAKE,3ySFBoxNHK3YgU1D9AyMl3,en,,1357,True
"ryo (supercell), Kaguya(cv.Yuko Natsuyoshi), Yachiyo Runami(cv.Saori Hayami)",World is Mine - Kaguya&Yachiyo Runami ver. - CPK! Remix,1qaQyHIAzk6vAMEhACi0tH,unknown,,0,False
Fujii Kaze,Hana,5RIQU2JDuXC4NkLiHNNMon,ja,,631,True
Tani Yuuki,W / X / Y,4IfrM44LofE9bSs6TDZS49,ja,,1067,True
Vaundy,napori,7hDX39mc6Uf6zp8RXYUQ6d,ja,,670,True
GReeeeN,遥か,4wBFubvNAwVox8q4SYXHqU,ja,,568,True
Saucy Dog,Cinderella Boy,4ZIr1NSxVihtHcD6EnG65f,ja,,512,True
back number,アイラブユー,34ayWAUrQcrjlKZOJAzqke,ja,,398,False
back number,日曜日,1LDxe7AgJ7DRYdV012EmyR,ja,,405,False
Macaroni Empitsu,ミスター・ブルースカイ,6glcoO077gTGhgdVI9X5wA,unknown,,0,False
Aimyon,Let the Night,6kKvmT4i0Dercz6f3kftg3,ja,,673,True
Hikaru Utada,花束を君に,31yv1hR9gw1WSEmtqsaZbD,ja,,1404,True
"neguse., 汐れいら",織姫とBABY,2RMBCQdXkfFArpX3NIuuNm,unknown,,0,False
Koji Tamaki,ファンファーレ,29nEadzf4CqeLYzcf44zub,ja,,254,False
ARASHI,Love So Sweet,5I6JLJqnZICLvPebTj2YCm,ja,,538,True
MONGOL800,小さな恋のうた,23atyJacJVHvB9RHBNhr35,ja,,541,True
Kenshi Yonezu,1991,3voShTcaRtbYVSPGuCLAzw,ja,,407,False
back number,新しい恋人達に,5LclntckGFFGFUVGJk9Z4x,ja,,481,False
Snow Man,STARS,7oS96qmtYu3AdEX29HNAKf,ja,,1146,True
Number_i,未確認領域,7ibCDEx4MOX9zG8IS7gGDE,ja,,1145,True
SPITZ,空も飛べるはず,3P2aSkjcbUYbcYr13EFE8n,ja,,330,False
"Jung Kook, Latto",Seven (feat. Latto) (Explicit Ver.),2HRgqmZQC0MC7GeNuDIXHN,ru,,2990,True
Kenshi Yonezu,春雷,6megNXGjmim4OitjZnIn9v,en,,2081,True
Vaundy,呼び声,3kQf453SpkwX7ALdgzNSNY,ja,,671,True
Vaundy,Tokyo Flash,04e72JtsOIIlHUQ7CvWwvX,ja,,676,True
Kenshi Yonezu,BOW AND ARROW,0NHu2Lo9MWkvhOggEy1bYg,ja,,513,True
CHANMINA,Angel,3vXHM9HaxNYrky9r1zxLWa,en,,1703,True
"Kaguya(cv.Yuko Natsuyoshi), Yachiyo Runami(cv.Saori Hayami), TAKU INOUE",ray - Cosmic Princess Kaguya! Version,3V5bJpqNCHHi56pGZHNy1f,unknown,,0,False
HIRAIDAI,また逢う日まで,3awymLmIrvn9lkJeFpmRSf,unknown,,0,False
[Alexandros],ワタリドリ,0ve9Tpz8Yw0I4eXhWsy21o,ja,,693,True
noa,1000 days of moments,3HGHvxci8vnRg7RZ5E6lzi,ja,,676,True
クレイジーウォウウォ！！,Tontsukatantan,2bonDeesq7NsHnfeMNDhZv,ja,,1392,True
SixTONES,一秒,1jzBL9oiCg4qaZbazOxBQ8,ja,,681,True
ORANGE RANGE,イケナイ太陽,7emibp3qHeqNNYqZ2Y09xb,eo,,1877,True
Mrs. GREEN APPLE,breakfast,2Co1E8jcju2tCgPZIqxkTr,ja,,720,True
"ROSÉ, Bruno Mars",APT.,4wJ5Qq0jBN4ajy7ouZIV1c,en,,1972,True
"MISIA, HIDE (GReeeeN)",アイノカタチ,7mSVOYRseiZi20xtBKhHnF,unknown,,0,False
ONE OK ROCK,Wherever you are,1TZjEATJpF5LaVL7oJHDMn,en,,1073,True
Yorushika,だから僕は音楽を辞めた,5j7ixaLeGTGSv4DzKs0pCM,la,,1807,True
BE:FIRST,街灯,5M1nuhRqpXnrkAIltucV7I,ja,,1161,True
back number,僕は君の事が好きだけど君は僕を別に好きじゃないみたい,1WutVejYvP7220sofj3xId,ja,,604,True
=LOVE,ラブソングに襲われる,3xIy1bAkKbLtXdzHKwCjqE,ja,,6645,True
SPITZ,美しい鰭,1H3qOzheTPhE7aVvJOWfvA,ja,,386,False
Da-iCE,I wonder,0voOaunLYYqPHrsgXbFVlW,ja,,448,False
Yuuri,世界が終わりました,5XyD56RYaj2XGxfyc34jQD,ja,,532,True
King Gnu,逆夢,6ZiEWet0uFRwWBCEKCQ8rY,ja,,622,True
AI,Story,0V2axJ946WH1vt9t5SGMLV,ja,,522,True
HY,366日,22aZD7yaGYfhgCYazL4nbc,ja,,479,False
Shota Shimizu,PUZZLE,5NTtQCnREVVfZuBjVMF4dm,ja,,1096,True
King Gnu,一途,7ncPjJBktLEOpstY5JOUMK,ja,,518,True
King Gnu,カメレオン,0J0P8iSE6l3pYHbUdNFYdS,ja,,451,False
Yuuri,ビリミリオン,7M0dIdZWN1FDcveRdoOzbZ,ja,,542,True
Bruno Mars,Risk It All,5y2ijHECwFYWqcAHKTZgzD,en,,994,True
Olivia Dean,So Easy (To Fall In Love),6sGIMrtIzQjdzNndVxe397,en,,1393,True
BLACKPINK,Champion,43BJVWcBzHRIDaQCg7abnX,en,,1331,True
sombr,back to friends,7qjZnBKE73H4Oxkopwulqe,en,,943,True
Jin,Running Wild,50zAEIE4B1QqhPjRMK2Xmh,en,,1131,True
Bruno Mars,I Just Might,6f68Ac5tt5BQOpwr0BV9oN,en,,2285,True
LBI利比,Jumping Machine (跳楼机),1XZE0InCx3SdCnLpVsPpZl,zh,,564,True
Olivia Dean,Man I Need,1qbmS6ep2hbBRaEZFpn7BX,en,,1715,True
Taylor Swift,Opalite,3yWuTOYDztXjZxdE2cIRUa,en,,2013,True
Daniel Caesar,Who Knows,6DH13QYXK7lKkYHSU88N48,en,,1266,True
张远,看着我的眼睛说,7d6eShN6yVeR4Y2Md9uCA4,zh,,547,True
SIENNA SPIRO,Die On This Hill,2gYTC8DsplN3RNdpdBcCOQ,en,,1182,True
"Dave, Tems",Raindance (feat. Tems),3oTuTpF1F3A7rEC6RKsMRz,pt,,3518,True
JENNIE,like JENNIE,0fK7ie6XwGxQTIkpFoWkd1,en,,1705,True
BLACKPINK,Fxxxboy,7m0duH1vdTNxM2g8BLfR0F,en,,1989,True
BLACKPINK,Me and my,5MXcM263QvCTWriH3nVusc,en,,2137,True
Madison Beer,bittersweet,6vDVu9IM9s8L8XMQ1c1Yti,en,,1561,True
Zara Larsson,Lush Life,1rIKgCH4H52lrvDcz50hS8,en,,2147,True
Billie Eilish,BIRDS OF A FEATHER,6dOtVTDdiauQNBQEDOtlAB,en,,1436,True
Ravyn Lenae,Love Me Not,4WFgvKVfEhb3IUAFGrutTR,en,,2297,True
"Tame Impala, JENNIE",Dracula - JENNIE Remix,5yvVYFDUpbnjcnRBgjwTzM,en,,2181,True
sombr,Homewrecker,7tICCrK3CcyRFKza7yrR0z,en,,2000,True
The Script,The Man Who Can't Be Moved,3nqqDo8CcCLke3ZoTgiOKf,en,,2408,True
Alex Warren,Ordinary,2RkZ5LkEzeHGRsmDqKwmaJ,en,,1836,True
KATSEYE,Gabriela,1xOqGUkyxGQRdCvGpvWKmL,en,,1875,True
HWASA,Good Goodbye,3cLXrotzCjYCkN73PewALM,ko,,827,True
She & Him,I Thought I Saw Your Face Today,0myRViRgmQ3J8izICXEAVO,en,,1089,True
Dominic Fike,Babydoll,7yNf9YjeO5JXUE3JEBgnYc,en,,901,True
Silence Wang,像晴天像雨天（电视剧《难哄》心动曲）,1zFuSla4RQ5qAJwDIQYixW,unknown,,0,False
The 1975,About You,3hEfpBHxgieRLz4t3kLNEg,en,,1116,True
马师傅,善后,6gYS6CQc7UMnj0Ubq3C0QT,unknown,,0,False
Bruno Mars,Cha Cha Cha,6QletrrmpkUpeJkipX9pgf,en,,1692,True
张远,嘉賓,5jAmIkIpskwu2hRz2YaEHi,zh,,615,True
Gigi Perez,Sailor Song,21IYMdzTrzSe191Cy5eMap,en,,1484,True
Billie Eilish,WILDFLOWER,3QaPy1KgI7nu9FJEQUgn6h,en,,1491,True
Tyla,CHANEL,4VxTzYm00mg82MuoT35Ja7,en,,2690,True
Gracie Abrams,That’s So True,7ne4VBA60CxGM75vw0EYad,en,,1671,True
ILLIT,NOT CUTE ANYMORE,1k0JAiH11gHL9dc5dfQjQr,ko,,585,True
The Goo Goo Dolls,Iris,6Qyc6fS4DsZjB2mRW9DsQs,en,,1166,True
Jay Chou,擱淺,0cOMncRq4cmDLO4tPQnkBF,zh,,384,False
Bruno Mars,God Was Showing Off,1sVBT215CDmVJvfy1E2OCU,en,,2029,True
"ZXKAI, slxughter",NO BATIDÃO,7vg9noSnFEyPfwLiaCW4vi,pt,,802,True
Coldplay,Yellow,3AJwUDP919kvQ9QcozQPxg,en,,995,True
Bruno Mars,Dance With Me,1myZ6GQewhAzMH2dKtKSWK,en,,1577,True
Bruno Mars,That's What I Like,0KKkJNfGyhkQ5aFogxQAPU,en,,2631,True
Kehlani,Folded,0bxPRWprUVpQK0UFcddkrA,en,,1984,True
ROSÉ,toxic till the end,1z5ebC9238uGoBgzYyvGpQ,en,,1709,True
Twenty One Pilots,Drag Path,0TlcczkVTGpinpkGJpT81L,en,,1020,True
Addison Rae,Fame is a Gun,7B3BwNecBhKvNwSMOOl7Gk,en,,1620,True
Don Toliver,E85,3B4cjvGlPvyBLNG3AzEgkZ,en,,1568,True
One Direction,Night Changes,5O2P9iiztwhomNh8xkR9lJ,en,,1915,True
"V, Park Hyo Shin",Winter Ahead (with PARK HYO SHIN),7G7mSV4BebkoHWwKTDvXu9,en,,1969,True
"The Weeknd, JENNIE, Lily-Rose Depp","One Of The Girls (with JENNIE, Lily Rose Depp)",7CyPwkp0oE8Ro9Dd5CUDjW,unknown,,0,False
Justin Bieber,DAISIES,5BZsQlgw21vDOAjoqkNgKb,en,,1547,True
Bruno Mars,Why You Wanna Fight?,3Ac4AjYkqsvop2ydbSAhTX,en,,1764,True
"Kendrick Lamar, SZA",luther (with sza),2CGNAOSuO1MEFCbBRgUzjd,en,,4393,True
1119,福气马上来,3b6RZmPmYzg2mRyfoIznYS,unknown,,0,False
Ariana Grande,we can't be friends (wait for your love),51ZQ1vr10ffzbwIjDCwqm4,en,,1713,True
ZQS,这是你期盼的长大吗,3AKYofM0vFekNthGbpjMpN,unknown,,0,False
"Tate McRae, F1 The Album",Just Keep Watching (From F1® The Movie),2yWlGEgEfPot0lv3OAjuG3,unknown,,0,False
Bruno Mars,Just the Way You Are,7BqBn9nzAq8spo5e7cZ0dJ,en,,1463,True
"Firdhaus, DIOR 大穎",在加納共和國離婚,6GyUt7yJ0sOktc5HjvVnFh,zh,,379,False
陈村长,爱怎么了,0c9gjnRGBRke9VmLaZWmhM,zh,,18892,True
The Marías,No One Noticed,3siwsiaEoU4Kuuc9WKMUy5,en,,1501,True
Jay Chou,晴天,5pIcwtJYNJx93l420oR2Vm,zh,,402,False
Malcolm Todd,Sweet Boy,59c2xv2kMzYM6HR9oY6BIa,en,,1158,True
"Jung Kook, Jack Harlow",3D (feat. Jack Harlow),01qFKNWq73UfEslI0GvumE,tr,,3257,True
Evangeline Wong,離開我的依賴,23WLgtD54AeluEPRr5muHo,unknown,,0,False
Taylor Swift,Cruel Summer,1BxfuPKGuaTgP7aM0Bbdwr,en,,2216,True
Sabrina Carpenter,Espresso,2HRqTpkrJO5ggZyyK6NPWz,en,,2007,True
ROSÉ,number one girl,1lcBt7LoEikqYmhUoa2cez,en,,1737,True
yung kai,blue,6W614n8yLUeS3zsZSeBwyq,en,,887,True
"Charlie Puth, Selena Gomez",We Don't Talk Anymore (feat. Selena Gomez),54PbBpquVfhfrwRwvjSXbI,ar,,1962,True
"Sean Kingston, Justin Bieber",Eenie Meenie,4vVTI94F9uJ8lHNDWKv0i2,en,,2418,True
Taylor Swift,Style,0ug5NqcwcFR2xrfTkc7k8e,en,,1900,True
Laufey,From The Start,43iIQbw5hx986dUEZbr3eN,en,,992,True
DIOR 大穎,人的這一生,2Jox8DFhnUpJZJWLsVAsAR,unknown,,0,False
Coldplay,Viva La Vida,1mea3bSkSGXuIRvnydlB5b,en,,1732,True
"Disco Lines, Tinashe",No Broke Boys,3cZajhyr8LmtPfHZ9296tj,en,,2072,True
"The Chainsmokers, Halsey",Closer,7BKLCZ1jbUBVqRi2FVlTVw,en,,1734,True
"The Chainsmokers, Coldplay",Something Just Like This,6RUKPb4LETWmmr3iAEQktW,en,,1702,True
Ed Sheeran,Photograph,6fxVffaTuwjgEk5h9QyRjy,en,,1631,True
"Maroon 5, Wiz Khalifa",Payphone,1XGmzt0PVuFgQYYnV2It7A,en,,2673,True
Bruno Mars,It Will Rain,4rMNgxEwGWoPHIUcvB5BrB,en,,1581,True
Justin Bieber,Ghost,6I3mqTwhRpn34SLVafSH7G,en,,1056,True
"Ariana Grande, The Weeknd",Love Me Harder,5J4ZkQpzMUFojo1CtAZYpn,en,,2274,True
Bruno Mars,On My Soul,4i4BVY2JiH4mDSLIBdNGKD,en,,1339,True
"Kendrick Lamar, SZA","All The Stars (with SZA) - From ""Black Panther: The Album""",3GCdLUSnKSMJhs4Tj6CV3s,en,,6247,True
Coldplay,Sparks,7D0RhFcb3CrfPuTJ0obrod,en,,521,True
Eric Chou,你，好不好？ - TVBS連續劇【遺憾拼圖】片尾曲,2gug6MRv4xQFYi9LA3PJCS,unknown,,0,False
sombr,12 to 12,05od2qm2MTSKCHxy1GBp5W,en,,1679,True
Daniel Caesar,Always,2LlOeW5rVcvl3QcPNPcDus,en,,1237,True
The Neighbourhood,Sweater Weather,0cQVqPuHQP4KEwc7ZUQmj6,en,,1707,True
Keane,Somewhere Only We Know,0ll8uFnc0nANY35E0Lfxvg,en,,1310,True
Benson Boone,Beautiful Things,3xkHsmpQCBMytMJNiDf3Ii,en,,1190,True
Joji,SLOW DANCING IN THE DARK,6rY5FAWxCdAGllYEOZMbjW,en,,1237,True
Jung Kook,Standing Next to You,2KslE17cAJNHTsI2MI0jb2,en,,1675,True
Cup of Joe,Multo,5tlb0AxuzsMWL2GtEppXGX,tl,,1247,True
LNGSHOT,Moonwalkin',46V2ciN6F5bxjQWityNhkY,ko,,2028,True
The Marías,Sienna,0InIeZW4P6VO7dUGRM4AKH,en,,1000,True
Bruno Mars,Locked out of Heaven,5g7sDjBhZ4I3gcFIpkrLuI,en,,1589,True
于冬然,座位,4s3iUkYgh9gCeGYqCODrQe,zh,,18892,True
"B.o.B, Bruno Mars",Nothin' on You (feat. Bruno Mars),59dLtGBS26x7kc0rHbaPrq,pt,,2504,True
SZA,Snooze,4iZ4pt7kvcaH6Yo8UoZ4s2,en,,2122,True
Ed Sheeran,Perfect,0tgVpDi06FyKpA1z0VMD4v,en,,1501,True
OneRepublic,Counting Stars,2tpWsVSb9UEmDRxAl1zhX1,en,,2754,True
Cigarettes After Sex,Apocalypse,1oAwsWBovWRIp7qLMGPIet,en,,1184,True
Bruno Mars,Talking to the Moon,161DnLWsx1i3u1JT05lzqU,en,,1114,True
"JISOO, ZAYN",EYES CLOSED (with ZAYN),4WFfPxJv1KRekG6mxn837K,en,,10014,True
"王赫野, 姚晓棠",最后一页 - Live,0ahuxmprOO8tfKpG5Sgkt2,unknown,,0,False
Malcolm Todd,Earrings,0eAuGrXyGFYwur9ARUe7LJ,en,,1303,True
"Justin Bieber, Nicki Minaj",Beauty And A Beat,6QFCMUUq1T2Vf5sFUXcuQ7,en,,1707,True
Arctic Monkeys,I Wanna Be Yours,5XeFesFbtLpXzIVDNQP22n,en,,1165,True
Harry Styles,As It Was,4Dvkj6JhhA12EX05fT7y2e,en,,1124,True
Bruno Mars,When I Was Your Man,0B7wvvmu9EISAwZnOpjhNI,en,,1475,True
"Saja Boys, Andrew Choi, Neckwav, Danny Chung, KEVIN WOO, samUIL Lee, KPop Demon Hunters Cast",Soda Pop,02sy7FAs8dkDNYsHp4Ul3f,en,,1464,True
Tate McRae,Sports car,5UJbgR4XF4y1DvbkxEqe8S,en,,1771,True
"Jay Chou, Lara Liang",珊瑚海,3Qj9Fy8BPbWmICTiNkuqB7,vi,,1504,True
"The Weeknd, Daft Punk",Starboy,7MXVkk9YMctZqd1Srtv4MB,tr,,2879,True
keshi,Soft Spot,2aL4lMGhWdPpyPL6COPou7,en,,1466,True
Olivia Dean,A Couple Minutes,312z6PZ8wwREck8613PkJk,en,,1386,True
"LE SSERAFIM, j-hope",SPAGHETTI,2N9miXnewVmUrgl6JSK1FI,en,,2354,True
Joker Xue,演员,5Sib99jpYybZAicUMETb3h,zh,,527,True
Charlie Puth,Attention,5cF0dROlMOK5uNZtivgu50,en,,2565,True
Chappell Roan,"Good Luck, Babe!",0WbMK4wrZ1wFSty9F7FCgu,en,,2259,True
"郭家瑋, DIOR 大穎",過了幾天(合唱版),4GEWZ1vDFVkmhG55zpKFLO,lmo,,1146,True
Khalil Fong,特別的人,0VTzUEuHYD8s7CgQ15cDPo,zh,,462,False
"阿涵, Ayo97",感谢你曾来过,1JLtvvPsHwLyd2ufASdkWV,unknown,,0,False
en王翊恩,嚣张,1vfUASvUGt3gxQ1x3T3u1C,unknown,,0,False
Radiohead,Let Down,2fuYa3Lx06QQJAm0MjztKr,en,,1006,True
"The Weeknd, Playboi Carti",Timeless (feat Playboi Carti),0FIDCNYYjNvPVimz5icugS,tr,,2952,True
KATSEYE,Touch,6aJn7Cst74cj4lNIiPRgav,en,,1931,True
Rihanna,Kiss It Better,0UHB9METy4VCXNgkcGqHqS,en,,2345,True
Alex Warren,FEVER DREAM,7ogpGbKc4Io6NCU6ydxXwZ,en,,1259,True
Jay Chou,告白氣球,2tqF9MPNdYdJU70U0ULO23,zh,,406,False
Zara Larsson,Midnight Sun,1qRV1dKLOfH1s00b9J2LUQ,en,,1372,True
小阿七,从前说,3t5edAHbyFEW67wFApp7EO,zh,,1117,True
Bruno Mars,Nothing Left,0Sq6JK9kyC4MQa3KrJj5CB,en,,1304,True
Eric Chou,怎麼了,5cU1O9P0EDA0rPkPDykhIm,zh,,593,True
sombr,undressed,0TFTAtCYhp2tQ9KcJIZb55,en,,1349,True
Katy Perry,The One That Got Away,6hkOqJ5mE093AQf2lbZnsG,en,,1577,True
"The Kid LAROI, Justin Bieber",STAY (with Justin Bieber),567e29TDzLwZwfDuEpGTwo,en,,2127,True
Ariana Grande,One Last Time,7xoUc6faLbCqZO6fQEYprd,en,,1832,True
WeiBird,"如果可以 - 電影""月老""主題曲",72OVnXDzugvrCU25lMi9au,unknown,,0,False
Dhruv,double take,0QzuaeCEEOV40Pn7IvKEny,en,,1543,True
Justin Bieber,Sorry,09CtPGIpYB4BrO8qb1RGsF,en,,1635,True
"DJ Snake, Justin Bieber",Let Me Love You,0lYBSQXN6rCTvUZvg9S0lU,en,,1656,True
ILLIT,Magnetic,1aKvZDoLGkNMxoRYgkckZG,ko,,1653,True
BTS,Life Goes On,5FVbvttjEvQ8r2BgUcJgNg,ko,,1071,True
Taylor Swift,Blank Space,1u8c2t2Cy7UBoG4ArRcF5g,en,,2624,True
Coldplay,The Scientist,75JFxkI2RXiU7L9VXzMkle,en,,895,True
Jay Chou,青花瓷,10VuSw48iPN2UK2xX9Y6P0,zh,,474,False
Cigarettes After Sex,Cry,3p4hRhMcb6ch8OLtATMaLw,en,,553,True
Olivia Dean,Dive,36vmaZyO0iAE6FZ7287fg2,en,,1626,True
Laufey,Promise,08PdFBcXzpkn1cWNgmKqhn,en,,823,True
Bruno Mars,Something Serious,0PV4VQCmE6Ujssr1bnswdF,en,,1353,True
en王翊恩,我走后 (深情版),4iWXBvFiGanzt0ntGnMALN,unknown,,0,False
Bruno Mars,Versace on the Floor,0kN8xEmgMW9mh7UmDYHlJP,en,,1636,True
Gracie Abrams,"I Love You, I'm Sorry",51rfRCiUSvxXlCSCfIztBy,en,,1515,True
"Daniel Caesar, H.E.R.",Best Part (feat. H.E.R.),1Q7EgiMOuwDcB0PJC6AzON,ja,,697,True
Radiohead,Creep,70LcF31zb1H0PyJoS1Sx1r,en,,815,True
CORTIS,GO!,6OWWZtNQORY1McaZmOrwhc,ko,,1453,True
Charli xcx,party 4 u,2RdEC8Ff83WkX7kDVCHseE,en,,4106,True
SZA,Nobody Gets Me,5Y35SjAfXjjG0sFQ3KOxmm,en,,1213,True
Joji,Glimpse of Us,2mlNgAeIBnL78ZriXgrRHz,en,,1353,True
Ariana Grande,Into You,76FZM38RC8XaAjJ77CVTNe,en,,2433,True
Jay Chou,楓,1pALOIA4ytESmhl7Fxjdic,gd,,1522,True
Stefanie Sun,遇見,3xJK8ywApYVEYIDhymYMC6,zh,,292,False
d4vd,Here With Me,0dS2u2UFd88TIzDDaZDLvS,en,,844,True
Lana Del Rey,Cinnamon Girl,2mdEsXPu8ZmkHRRtAdC09e,en,,1513,True
Nadhif Basalamah,kota ini tak sama tanpamu,13CwOTXUgBugeBByE9oIWb,id,,1022,True
卢卢快闭嘴,字字句句,7fAdinC2UTc0Y9GiKrkTtu,unknown,,0,False
Tate McRae,greedy,3rUGC1vUpkDG9CZFHMur1t,en,,1447,True
LNGSHOT,Never Let Go,37xebnhvUyM8VyyDDeo65d,en,,2286,True
ATEEZ,Adrenaline,2VKGO4DNyUK5UxCQB3b3DF,ko,,1921,True
Lauv,I Like Me Better,4MagTPnkPiDuIa4P8GtW1b,en,,1326,True
Justin Bieber,Love Yourself,50kpGaPAhYJ3sGmk6vplg0,en,,2132,True
Lana Del Rey,Young And Beautiful,2nMeu6UenVvwUktBCpLMK9,en,,1498,True
Quevedo,NI BORRACHO,3ltpc2goYCfKT8AbWwqQvc,es,,3970,True
"Omar Courtz, Dei V, Clarent, Tito ""El Bambino""",$UELTA GATITA $UELTA,01xWRzLhSgANX9CGgBzssk,es,,3883,True
Aitana,SUPERESTRELLA,6hpuesKPNa3WhV48O7Fa47,es,,1386,True
Clarent,BIENVENIDA,7zwgHkTKv86nMOREN5k1hx,es,,2068,True
"JC Reyes, Slayter",LOQUITA,3zkGK0pIRra9Mql8fKmROf,es,,1802,True
Quevedo,TUCHAT,3bAAv8knmzFpYQsLFoK6de,es,,2834,True
"YOVNGCHIMI, JC Reyes",MVLAN,74t17BRV4el0mU0Tb8XY1k,es,,3064,True
"Kidd Voodoo, JC Reyes",Me Mareo,6jBoUckd6VEImt6pg8RpDr,es,,2250,True
"Bad Gyal, Chencho Corleone",Choque,68KElV3TDyDy2zHPCWjUyt,es,,2512,True
Clarent,LOVE,21syhl9aagHDATZqFHkfjD,es,,2233,True
GRECAS,Bad Voy,0WIVpc0hKNxjHkl9xNxw6P,es,,1691,True
"Omar Courtz, Bad Gyal",COMERNOS,2TYZU0Fvfp5b7gbfqdIAq6,es,,2516,True
"Omar Courtz, Myke Towers",WHAT U NEED? (SexPlaylist 2),7jnSlMG2jKJmKvAWxufk2I,es,,2843,True
"Mora, C. Tangana",DROGA,1cmfXbOvNJt7iDrnJy5BRE,es,,2299,True
GRECAS,Que culpa tiene el lunes de no ser un sabado,5bDRGw4njjPCO5ZYvSgRXr,es,,1484,True
"La La Love You, Axolotes Mexicanos",El Fin del Mundo,6XXQA6e8qXPJ1sZtRxvbws,es,,1466,True
"Delaossa, Quevedo, Bigla The Kid",Still Luvin,1k4Iyemx6P5fba7RRcHmeb,es,,3042,True
"Juseph, La Pantera, Lucho RK",CUPIDOxX,3vYFpgpkQF0EY5E9h9BF1r,es,,3514,True
"Dei V, JC Reyes",NYX00 (with JC Reyes),0FI11LoJ41qud3TkFEYlzI,unknown,,0,False
"La Pantera, Lucho RK, Pana YMB",PINKY PROMISE 2,6hFzA2zbArwtGpmTQEsxnn,es,,2842,True
"Omar Courtz, KARBeats",EL MUNDO SE VA A ACABAR,6SkbzQSYMJzrmmDBEvbh0S,es,,2564,True
"Mora, De La Rose",AURORA,18m5dJOPB2geFwOymXNaWg,es,,1888,True
"Juseph, Quevedo",CHUOS,58l1aV1cOGrHMsm2j3GU2W,es,,3408,True
"LAJA, JC Reyes",SETEADORA REMIX (with JC Reyes),55ZSaezLr7fNrkLL0WCpOD,en,,2391,True
rusowsky,malibU,4uulymZhmebsjKedRaJ1gQ,en,,2126,True
"SAIKO, SINAKA, Kennat, Benja Valencia",FLAITEERA,2mh6vP7zo6mDXXKLnpHLPt,es,,3474,True
"Aissa, Rvfv, Kreamly",MUCHACHA,4rDCRcln8WCHWPRt0YTFLs,es,,1949,True
Aitana,6 DE FEBRERO,6l18mUHOGVZRr5wTyITX0M,es,,1230,True
"Kabasaki, Zeno El Faraón, l0rna, Kristina",LA SACAPUNTAS,7mjWqfMjappj2v1Iw3rXeR,es,,3168,True
Extremoduro,La vereda de la puerta de atrás,4kJP8Z888wREJ8bRMWNMuk,es,,1430,True
"Tainy, Rauw Alejandro, JHAYCO",ROSITA,4HyPxBQDLUnY3w7gukITrW,es,,2246,True
"Clarent, Omar Courtz",Scat Pack,4yWrEuYXr9YB1nHbuPxfUU,es,,2827,True
Arde Bogotá,La Salvación,0txzIz1WcoAn6m07xypcD5,es,,1191,True
"Rawayana, Manuel Turizo",Inglés En Miami,3Y1xjjepdqMP141ipYCAqA,es,,1796,True
"Romeo Santos, Prince Royce",Lokita Por Mí,2aG4AXf3TUtlmk4s9BLYDi,es,,1992,True
Omar Courtz,SIRENA,75DhU4mfqAkkqsL7CiYWLa,es,,2635,True
Manuel Turizo,La Bachata,3tt9i3Hhzq84dPS8H7iSiJ,es,,1324,True
Omar Courtz,L a k e n o s h i,6OoYmAP9oZtBiSomWpDTWP,es,,3254,True
"Clarent, Mora",IA,7lcbpfihslisNObKdHjyLo,es,,2178,True
"Bryant Myers, Dei V, SAIKO",Duro Ma,0Ze1qv8LIgg5Y7Bu4jzXIo,es,,3074,True
"Quevedo, La Pantera",HALO,58ldPuiCULxm08TCZ8qX4D,es,,3161,True
Dani Fernández,Me has invitado a bailar,3tMftGMXTPbQlmjh4FzXpZ,es,,1799,True
Viva Suecia,El Bien,6IuZFiKCeyQINqL0Id3xF2,es,,980,True
Mora,DETRÁS DE TU ALMA,2BvPMS2XWfnCpHHvWeOyeC,es,,1626,True
Melendi,Fecha de Caducidad,3LTHhkihfdgYtQMUNJQBgv,es,,1710,True
Juan Magán,Bailando por Ahi,6sHBvzRsuGunQTfCk18KXi,es,,2021,True
"JC Reyes, Alba Moreno",DA LA LUZ,7JqZxa2Ibtf0lpJ5ANYSwH,unknown,,0,False
Fito y Fitipaldis,Por la boca vive el pez,24UStI5AYA7g5ufFDh3LH0,es,,1355,True
"Omar Courtz, Eladio Carrion",MOONLIGHT,2TOsEYW3J1miYhmEeI9yBW,es,,3268,True
"JC Reyes, Hades66",BARRIO FINO,5IuFotpjpllXzv7eOLKeqb,es,,2417,True
"Lucho RK, La Pantera",TOCATE SOLA,1ouj0AkMXny8V1su2tuoci,es,,1972,True
Dei V,Te Capie,4WXVp5dzCDDaQjr4Ueukbm,es,,2726,True
Bad Gyal,Da Me,4ppQIsBpwNRKjOPPBZTgd0,es,,1164,True
Extremoduro,Si te vas...,2x59pa3xDf8hHZ4N3f5fGQ,es,,2399,True
Chayanne,Bailando Bachata,2dK99lWPkBVwNen6gK1AtI,es,,1229,True
Omar Courtz,UNA NOTi,61tC2eD62xjmkEX9FGEad7,es,,2190,True
Omar Courtz,SKY,52eJOGfsKEEkHrfZt6Kl3p,es,,2244,True
"Marshmello, Manuel Turizo",El Merengue,5KbBVSj6AJZ5662fO8EYFh,es,,1773,True
Siloé,Todos los Besos,2vSJKKmOEJQA5tr082p5XX,es,,1250,True
"8belial, yyy891, JOHNNYFUU",YSL,10lwU4asYs565RmEkPWHn5,es,,3545,True
"Ya Ice Dilan, Rey Tony, Helabusador, JipMusic Global, Dj Honda",Dichavate,6Ab2trdJulkRRhaJ9zVGQa,unknown,,0,False
"Quevedo, Aitana",GRAN VÍA,2kQ1OvmMzs1xdlH020aJJh,es,,2590,True
"JC Reyes, Dei V",FLIPA,1dnKyTHMBWzbYZ2LDXBefu,es,,2411,True
Manuel Turizo,Por un Pendejo no se llora,4VPl3WGYKxQG8EVis7uLDt,es,,1438,True
Fito y Fitipaldis,Antes de que cuente diez,3xiNRrrVROKlHrflHGNTfG,es,,1237,True
Yan Block,111,2SPBFiD8iITb8CKJGz1TEQ,es,,2002,True
"Danny Ocean, Kapo",Imagínate,7ns16ylM6sbxo9ZWIwyE5d,es,,1931,True
Fito y Fitipaldis,Soldadito marinero,0eVborSuxUeSg0meWYd9dZ,es,,1113,True
"Mr Plata, El Americano 4KT",Las Muñequitas,4nJJCRYru4QQakCiUA155f,es,,2949,True
Melendi,Caminando por la vida,47rUM6vGXo8gBGpeG5TuU7,es,,2130,True
Hades66,YO QUIERO,47sQ0h1xhlDWJ3nHbwYPrg,es,,2531,True
"JC Reyes, De La Rose, MC Menor JP",NINFO,1CTTIrl42flqn1WYUoxl0H,es,,2216,True
"La La Love You, Samuraï",El Principio de algo,10KB4HkYIpNOd0QhyohMre,es,,1710,True
Cristina Lora,2 PUÑALAITAS (de Andalucía),19FOoq7R0ULz8bamEpOprK,es,,1241,True
Quevedo,Columbia,0uqt3MShCD4uYCIRNm6d4o,es,,2260,True
"Camin, Rvfv",Golfista,2R0RvdGFAOCznsB85KN0f4,es,,2252,True
Omar Courtz,SUSU,6dWJciH0aK0TWiDvVmMUX6,es,,1964,True
Estopa,Como Camarón,1VB4sadHjFcFklHcZuoROi,es,,2293,True
Ozuna,Se Preparó,1m69ELEgE6k5ZWsap40ozt,es,,2129,True
Beéle,si te pillara,1C7NXX8UJ6pgNx8EkmyZDd,es,,2002,True
Clarent,Enzaciao,0h0mWHM5SkpS9rcmGyBoox,es,,1912,True
Melendi,Tu jardín con enanitos,6yCjU5j6YHbux2VQCBTTE1,es,,2069,True
Extremoduro,Stand By,6BxCmy6vGbuOckxg6YfQOW,es,,1029,True
"Abraham Mateo, Ana Mena",Quiero Decirte,4Oc1qHsjM4kM0AARvlwSs3,es,,1992,True
"Midnvght, ROA, Mora, Eladio Carrion, Clarent, Finesse",Falsas Promesas (Remix),09djeJtz8wrtQFs5YtwgD4,es,,6118,True
"Pepe y Vizio, Delaossa, KIDDO",El Patio,0PtLrH95CQ2lKf6pym5LmA,es,,2629,True
"ROSALÍA, Björk, Yves Tumor",Berghain,2T8yuUKl1nhmtaIocqWo4i,en,,977,True
"JC Reyes, David Marley",CELOSA,0dLdgRj8l4N0rmAwDxIV1Z,es,,1673,True
Fito y Fitipaldis,Me equivocaría otra vez,5SMdW9cbM4wTMMPI8Ck08a,es,,1437,True
Los Delinqüentes,El aire de la calle,2PaETSKl3w3IdtLIbDnQXJ,es,,1517,True
"Quevedo, Pitbull",MR. MOONDIAL,67LKV40NfSSGIJnm0xz6fi,es,,2212,True
Teddy Swims,Lose Control,17phhZDn6oGtzMe56NuWvj,en,,1416,True
Kapo,OHNANA,482PEx8hfMHSsuGtHd960A,es,,1544,True
"Mora, Bad Bunny, Sech",Volando - Remix,0G2zPzWqVjR68iNPmx2TBe,en,,3224,True
Romeo Santos,Propuesta Indecente,5PycBIeabfvX3n9ILG7Vrv,es,,1702,True
ROSALÍA,Reliquia,4ORvXsPK9AJmDzm36BYcdy,es,,1146,True
"JC Reyes, Pirlo",REMEDIO,63zeT81t627KKfZsC920QN,es,,2224,True
Siloé,"Si Me Necesitas, Llámame",4DEdfr4plBy97DH4YPg4At,es,,1465,True
"Omar Courtz, BASSYY",GANTEL y BELLAKz,7cVS9dvpA6p2dIVibiGaso,es,,2754,True
"Sebastian Yatra, Manuel Turizo, Beéle",Vagabundo,68nZjz3bLH1MM0cURT1YVH,es,,2648,True
SAIKO,COSAS QUE NO TE DIJE,5xSt1wxZobFcLzHrFakv6z,es,,2023,True
"Eflexx, D.Valentino, Enry-K",Tititi,1V6EjrslcQOQrKgjrUvgi1,es,,2110,True
LAJA,SETEADORA,3jKrhSKDKOUlKYpNL12zjb,en,,2632,True
"De La Rose, Omar Courtz",NUBES,5PPYg2Fa1fCkrRBv6vIeeU,es,,3441,True
Omar Courtz,M U S A E L E V Á,7vPsviPvbWsFd9VuftF5JT,es,,2294,True
"KAROL G, Feid",Verano Rosa,0nafF9MxcXJBQWv3BTKtdF,es,,1922,True
Omar Courtz,OUTRO,3nREMKR9AuM6AikqWwcAUA,es,,3761,True
"ROSALÍA, Rauw Alejandro",BESO,609E1JCInJncactoMmkDon,en,,2066,True
"SAIKO, Omar Courtz",LOKENECESITAS,1cQx85WypWumn7ZQjUxWQi,es,,2256,True
Ultraligera,Lapsus,5gaHUShVDYB2kn5s0xzIAi,es,,1266,True
"C. Tangana, Niño de Elche, La Húngara",Tú Me Dejaste De Querer,5ddFjrPG8NgQQ6xlOQIVd2,es,,1881,True
Don Omar,Dile,69Ej1xrGjOcHvIMtMKxK0G,es,,2077,True
Fito y Fitipaldis,La casa por el tejado,428cFrawSqeLoyooQjAW9d,es,,1874,True
"Yapi, SOUNDPLUG",POR TI,3Ip1sc72P5uz8BUB9kb4QQ,es,,1335,True
La Oreja de Van Gogh,Rosas,4waqcUQWdj0yH26STWl2Rq,es,,1806,True
C. Tangana,Mala Mujer,067QpM2xLhK24hTiovC3Zo,es,,2290,True
"John Pollõn, TylerB",Vehículo longo,0GHaZd4ggGCx2RlMsDr9Vj,es,,2169,True
