rank,artist,title,region,spotify_uri,dominant_emotion,emotion_love,emotion_longing,emotion_joy,emotion_heartbreak,emotion_grief,emotion_despair,emotion_hope,emotion_lonely,emotion_sensual,emotion_anger
2,"ARIA VEGA, Ryan Castro",CHÉVERE (premium_remix),Colombia,3CBEVPwR3kUXDoTx1lqFUQ,null,null,null,null,null,null,null,null,null,null,null
4,Kris R.,GANAS,Colombia,4KE9Ne3hgh18B3Th4xcylg,null,null,null,null,null,null,null,null,null,null,null
7,"J Balvin, Ryan Castro, DJ Snake",Tonto,Colombia,7mU1fei7P9h4mpjP2Otdw5,null,null,null,null,null,null,null,null,null,null,null
9,Grupo Firme,El Beneficio De La Duda,Colombia,5yXt80BNZGbmHFd0NHZHNn,null,null,null,null,null,null,null,null,null,null,null
10,"Yeison Jimenez, Luis Alfonso",Destino Final,Colombia,2E4TYekUduml1DWIqQWNcj,null,null,null,null,null,null,null,null,null,null,null
11,"Blessd, Los Money Makers, Prodmonja",NUEVA YORK,Colombia,5U3sC7aA5NxoMSeI1kmO2n,null,null,null,null,null,null,null,null,null,null,null
12,Blessd,YOGURCITO,Colombia,6rZno3nqeT7hv2PnSWRuYS,null,null,null,null,null,null,null,null,null,null,null
16,"Blessd, Ovy On The Drums",AMISTA,Colombia,1kJyDcBrZ7rSKnFtKc82vm,null,null,null,null,null,null,null,null,null,null,null
18,Yeison Jimenez,Por Qué la Envidia,Colombia,433eYQkvCgJKXh1o7LtplV,null,null,null,null,null,null,null,null,null,null,null
20,"Blessd, Ovy On The Drums","""EMHDM""",Colombia,5NbIHx26LyFkW2oSNSCYBV,null,null,null,null,null,null,null,null,null,null,null
21,"Ryan Castro, Dongo",SANKA,Colombia,46ufabZP6oK3ixmN6Gd753,null,null,null,null,null,null,null,null,null,null,null
23,"Kapo, Ryan Castro",DÓNDE,Colombia,4zqFA9MOG86u7uugR8QFDU,null,null,null,null,null,null,null,null,null,null,null
26,Arcángel,Por Amar A Ciegas,Colombia,2BrfJdTXohQRtWBKsBTIp0,null,null,null,null,null,null,null,null,null,null,null
28,Yeison Jimenez,Vete,Colombia,6cZcn282SIMmuO8FHN8634,null,null,null,null,null,null,null,null,null,null,null
29,Lenin Ramírez,Todo Lo Fue,Colombia,0Sa8aRfGckW0qUGLrBwoBG,null,null,null,null,null,null,null,null,null,null,null
31,ARIA VEGA,CHÉVERE (joesón_type_beat),Colombia,5OQCghydcEeA76eGdJ6GEa,null,null,null,null,null,null,null,null,null,null,null
32,"Nanpa Básico, Beéle",Hasta Aquí Llegué,Colombia,0Qe2g06yzLBuuSvVmFiweP,null,null,null,null,null,null,null,null,null,null,null
34,"Kybba, Sean Paul, Ryan Castro, Busy Signal",Ba Ba Bad Remix,Colombia,0lMafSfME2iJEE972bsQaK,null,null,null,null,null,null,null,null,null,null,null
36,Herencia De Grandes,Ya Borracho,Colombia,4NyUIohBa3CEMGcXURYSOh,null,null,null,null,null,null,null,null,null,null,null
37,"Yeison Jimenez, Chayín Rubio",El Mejor - Remix,Colombia,1xRRW5ZrL7I9EG8CGZrXHE,null,null,null,null,null,null,null,null,null,null,null
39,Beéle,top diesel,Colombia,2QP041AcWg8PwPIWP95RKN,null,null,null,null,null,null,null,null,null,null,null
41,"Luister La Voz, maikol el insoportable",Ozono,Colombia,4acvrfbXrDPFQNNDnFZnpC,null,null,null,null,null,null,null,null,null,null,null
42,Yeison Jimenez,Un Perro Enamorado,Colombia,3kcr3teEgyTOVIAxMPOPeO,null,null,null,null,null,null,null,null,null,null,null
43,Arcángel,Pa' Que La Pases Bien,Colombia,1pLCpA1RN8avJxSD3ZCwhj,null,null,null,null,null,null,null,null,null,null,null
47,Arcángel,Hace Mucho Tiempo,Colombia,0a6ogDrZBvYgDjILgsQVaJ,null,null,null,null,null,null,null,null,null,null,null
50,Kris R.,MIL D AURA,Colombia,0LvxvoeJmdhkxRIC4orlJ3,null,null,null,null,null,null,null,null,null,null,null
51,"Blessd, Fuerza Regida, Ovy On The Drums",COMO OREO,Colombia,7sRXb5IgYWwVv1DaavHSNs,null,null,null,null,null,null,null,null,null,null,null
53,Yeison Jimenez,MLP,Colombia,4DAMvNqHt0s8zJr6JwOoye,null,null,null,null,null,null,null,null,null,null,null
54,"Blessd, Los Money Makers, Prodmonja",URUS BLUE,Colombia,4sTnItbNUAcS5KDG6vTA5B,null,null,null,null,null,null,null,null,null,null,null
58,"CARABIN3, SVNTI",MUSA,Colombia,0QuHK1VvIZ1Kt2GfqRrdVo,null,null,null,null,null,null,null,null,null,null,null
59,Arcángel,Me Prefieres A Mi,Colombia,3GhmL9fuM8jwGcHCFbeo3v,null,null,null,null,null,null,null,null,null,null,null
60,"Blessd, GeezyDee",DIOMEDEZ,Colombia,6qDTm2QbRSLlSmaUSJE6bF,null,null,null,null,null,null,null,null,null,null,null
62,"Kris R., ROA",PASIÓN Y SEXO,Colombia,4pjkZyNZnOJEPpBmzOqTC2,null,null,null,null,null,null,null,null,null,null,null
63,Kapo,NO CRY,Colombia,4YM3IYESNKXWYHbPXvMMVD,null,null,null,null,null,null,null,null,null,null,null
65,"Blessd, J Alvarez",FANÁTICO,Colombia,0e3d2UZRjtvviXWWMRYGQo,null,null,null,null,null,null,null,null,null,null,null
66,"Blessd, Ovy On The Drums",Mírame,Colombia,2btNsI4OvcVl7SAHQQDHFB,null,null,null,null,null,null,null,null,null,null,null
67,Ñengo Flow,En Las Noches Frias,Colombia,0a0JiZejbYYem1W31fldde,null,null,null,null,null,null,null,null,null,null,null
68,"Tony Dize, Plan B",Solos,Colombia,3CbiuLMBPM6uV4a7HvkOib,null,null,null,null,null,null,null,null,null,null,null
72,"W Sound, Blessd, Ovy On The Drums",Soltera - W Sound 01,Colombia,13BDiikG6y5o5cQTK0HpW6,null,null,null,null,null,null,null,null,null,null,null
73,Willie Colón,Idilio,Colombia,5iwgEFKEktjBBZV3C9TTZj,null,null,null,null,null,null,null,null,null,null,null
76,"Boza, ELENA ROSE",orióN,Colombia,4feh4Ak3ZJfC6ibxkNzlkE,null,null,null,null,null,null,null,null,null,null,null
77,Luis Alberto Posada,Mal Amor,Colombia,1j4XwpoLvqdkWllikDu7Rm,null,null,null,null,null,null,null,null,null,null,null
78,Arcángel,Ganas De Ti,Colombia,71w26UK674tLfGtJFfDSjE,null,null,null,null,null,null,null,null,null,null,null
82,"El Americano 4KT, Kobby",The Flow's Son Black!,Colombia,6uLcqYE347zlvXD6rhiM4J,null,null,null,null,null,null,null,null,null,null,null
83,Dalmata,Dile a Tu Amiga,Colombia,3u2jlo9kygiIAq7SPVuw6S,null,null,null,null,null,null,null,null,null,null,null
84,"Kris R., GeezyDee, Prodmonja",BOBADITA,Colombia,52IeC2QBiJqk9jAR5gbe14,null,null,null,null,null,null,null,null,null,null,null
86,Yeison Jimenez,Ya No Mi Amor,Colombia,7qbPQqOYYMPdQqRqv7bNin,null,null,null,null,null,null,null,null,null,null,null
88,"Alzate, Yeison Jimenez",Mi Venganza,Colombia,3f4AsGGYt94t7g1lHcsa8D,null,null,null,null,null,null,null,null,null,null,null
90,"TURY, CARABIN3",CHUCHA,Colombia,01dFxiEOMTTzim5J3kytjA,null,null,null,null,null,null,null,null,null,null,null
92,"KAROL G, Feid, DFZM, Ovy On The Drums, J Balvin, Maluma, Ryan Castro, Blessd",+57,Colombia,3mg9jYNC1NihbthlglzrWP,null,null,null,null,null,null,null,null,null,null,null
93,Yeison Jimenez,El Mejor Caballo,Colombia,4Udf3NPZZVggwmVXHcjuqA,null,null,null,null,null,null,null,null,null,null,null
94,"Yeison Maje, Ciro Quiñonez, Luis Alfonso, Yeison Jimenez",El Embustero RMX,Colombia,72q1JMsCJbKNbWgzipGi6x,null,null,null,null,null,null,null,null,null,null,null
97,"La Combinación Vallenata, Jean Carlos Centeno",Ayer Y Hoy,Colombia,5HCk7iruzhQ1FbxyS3igmM,null,null,null,null,null,null,null,null,null,null,null
100,"Tony Dize, Yandel",Permítame,Colombia,6OaGIYcVzx5c7aEKkuYS1M,null,null,null,null,null,null,null,null,null,null,null
101,"Kenny Die, Blessd, Kris R., Sebas",Ultra Complicado (feat. Sebas) - Remix,Colombia,569xAmXCkpM3IsEOiG4hWe,null,null,null,null,null,null,null,null,null,null,null
102,"Topboy TGR, Kzadores",MÁS DE AHÍ,Colombia,4ATzrqMF84B9iSCGUUqfTT,null,null,null,null,null,null,null,null,null,null,null
103,Yeison Jimenez,Se Acabó,Colombia,2T6BBNQW4t81x2ddqWrGzs,null,null,null,null,null,null,null,null,null,null,null
104,"Blessd, Anuel AA, Kris R., Young Fatty, CARABIN3, GeezyDee, TURY","BUENOS DIAS (feat. Tury, GeezyDee, CARABIN3)",Colombia,10B0cONtHL7b8hdMRE2Du6,null,null,null,null,null,null,null,null,null,null,null
106,Fuerza Regida,Marlboro Rojo,Colombia,3hpm0fTeSqlhJbnqAgaLZs,null,null,null,null,null,null,null,null,null,null,null
107,Frankie Ruiz,Tú Con Él,Colombia,6cHHrFD3fmBG9MR3k8kvep,null,null,null,null,null,null,null,null,null,null,null
108,"KAROL G, Marco Antonio Solís",Coleccionando Heridas,Colombia,3ddJ8Vbc5tYPxq5zKRVke6,null,null,null,null,null,null,null,null,null,null,null
110,Yeison Jimenez,Ni Tengo Ni Necesito,Colombia,6829KtrgNt2ZwrsE19nTEd,null,null,null,null,null,null,null,null,null,null,null
111,"Kris R., Blessd",Las Piponas (Remix),Colombia,281YJmnThveWjsWVic9Ym6,null,null,null,null,null,null,null,null,null,null,null
112,Luister La Voz,Amarte más no pude - En vivo,Colombia,1OHj2WRXOR9XdCV6PuptXv,null,null,null,null,null,null,null,null,null,null,null
113,"Blessd, Kris R.",POLOS OPUESTOS REMIX - BLESSD VERSION,Colombia,2ALQyXMC26Vew7JX7ert9M,null,null,null,null,null,null,null,null,null,null,null
115,Yeison Jimenez,Qué Día Es Hoy,Colombia,5PB1ITleNasy7UMYEaBWkL,null,null,null,null,null,null,null,null,null,null,null
117,"Kris R., Blessd",COSITAS,Colombia,3ClyThLf2bguwdMcm7hqZ2,null,null,null,null,null,null,null,null,null,null,null
118,"Blessd, Sebastian Ledher, Tayson Kryss, Joseph Ren",UNA NOCHE DE LOCURA,Colombia,2tKVinInf0PJS1iG04zzqi,null,null,null,null,null,null,null,null,null,null,null
120,"Don Omar, Kendo Kapponi",RX,Colombia,3NgDulHteTVdF026IxY5bW,null,null,null,null,null,null,null,null,null,null,null
121,Willie Colón,Oh Qué Será?,Colombia,2n1MTLCis6qPSDKdr5XSDI,null,null,null,null,null,null,null,null,null,null,null
122,Blessd,Palabras Sobran,Colombia,4wu7jIeJCUhQJaXsXVit0e,null,null,null,null,null,null,null,null,null,null,null
124,ARIA VEGA,AY MAMA (mi tiburón),Colombia,7yHZ66udwjeUafGohI7T46,null,null,null,null,null,null,null,null,null,null,null
125,Yeison Jimenez,Aventurero,Colombia,0ftcn4ddKESqQMA784Ebc0,null,null,null,null,null,null,null,null,null,null,null
126,Willie Colón,Gitana,Colombia,4VTb5wB46sZDsfL8XgroGt,null,null,null,null,null,null,null,null,null,null,null
127,Tito Rojas,Siempre Sere,Colombia,4ZGk5h0sIfeunWEKzXEoHr,null,null,null,null,null,null,null,null,null,null,null
129,Yiyo Sarante,Corazon de Acero,Colombia,21nc3O8OncUv1jjSrC1ML2,null,null,null,null,null,null,null,null,null,null,null
130,GeezyDee,El Peor Hombre Del Mundo,Colombia,0TBFzXKWtoF7Lwh0LKFt8f,null,null,null,null,null,null,null,null,null,null,null
131,Yiyo Sarante,Manos de Tijera,Colombia,5ds1Hh3lo4JUF2vflqyayK,null,null,null,null,null,null,null,null,null,null,null
132,Frankie Ruiz,Deseándote,Colombia,0FsXZAMf6NACvNJ2LI6ySp,null,null,null,null,null,null,null,null,null,null,null
133,"Pipe Bueno, Jessi Uribe, Yeison Jimenez, Carín León, Alzate, Darío Gómez, Luis Alberto Posada, El Charrito Negro, Jhonny Rivera, Jhon Alex Castaño, Juan Pablo Navarrete",Guaro (Remix),Colombia,5sMHuOIvtsSuFZafTcF19Q,null,null,null,null,null,null,null,null,null,null,null
135,"Grupo Frontera, Grupo Firme",EL AMOR DE SU VIDA,Colombia,34vXRJ2bCSFiZKQzVUYVOb,null,null,null,null,null,null,null,null,null,null,null
136,Yeison Jimenez,Te Voy a Olvidar,Colombia,6jbDhMUR3Hc3yVPT2tEVxY,null,null,null,null,null,null,null,null,null,null,null
137,"W Sound, Myke Towers, Ovy On The Drums",5 Estrellas - W Sound 23,Colombia,7hYlC6s0SXSIwtFlW6NgjT,null,null,null,null,null,null,null,null,null,null,null
139,Grupo Niche,Sin Sentimientos,Colombia,7xDwU3I38ReireLvv79h63,null,null,null,null,null,null,null,null,null,null,null
140,"Yeison Jimenez, Pasabordo",Hasta La Madre,Colombia,1nDvFYTsaQwxt5CTk7LJ5E,null,null,null,null,null,null,null,null,null,null,null
142,Yeison Jimenez,Tu Mal Sabor,Colombia,1LNLFgc99bgCWPAaJ9zUQi,null,null,null,null,null,null,null,null,null,null,null
144,Beéle,frente al mar,Colombia,1i1n7hUzCDkXGFqIJSSzom,null,null,null,null,null,null,null,null,null,null,null
145,"Maluma, Yeison Jimenez",Con el Corazón,Colombia,1xTWu5aArww0QtXqX2ScBI,null,null,null,null,null,null,null,null,null,null,null
146,"J Balvin, Bad Bunny, Marciano Cantero",UN PESO,Colombia,7hynhxDoDpgMIV12JuVtNa,null,null,null,null,null,null,null,null,null,null,null
147,"El Americano 4KT, THE FAVORITES",MAMAXITA,Colombia,3UJN0IUZIeXnrmo48e6XXx,null,null,null,null,null,null,null,null,null,null,null
148,Aventura,Dile al Amor,Colombia,2Bhmj4XK33InfhqKPxcJ1v,null,null,null,null,null,null,null,null,null,null,null
149,"Peso Pluma, Estevan Plazola",HOLLYWOOD,Colombia,5GTBdEjZe7zEDp1N0eCZE4,null,null,null,null,null,null,null,null,null,null,null
150,Rayo & Toby,Movimiento de Caderas,Colombia,5u4XWSNpF4wE6W6i78Uf1B,null,null,null,null,null,null,null,null,null,null,null
151,Fuerza Regida,ANSIEDAD,Colombia,1a7onn7lPqqRWul5ogyMyX,null,null,null,null,null,null,null,null,null,null,null
152,Aventura,El Perdedor,Colombia,27ze5t5tIDPlVits0KRbxT,null,null,null,null,null,null,null,null,null,null,null
153,Tego Calderón,Pa' Que Retozen,Colombia,5YJ4BVvTFmVCxUyhKejHfR,null,null,null,null,null,null,null,null,null,null,null
154,"Georgy Parra Salvaje, Yeison Jimenez",GPS #5 - Dime Que Sí,Colombia,7BNTVOitDoUC5HVN8HleQy,null,null,null,null,null,null,null,null,null,null,null
155,BTS,Dynamite,Colombia,5QDLhrAOJJdNAmCTJ8xMyW,null,null,null,null,null,null,null,null,null,null,null
159,ROA,FANTASÍA,Colombia,5hWpXZOs7vpz0JD3CIylsb,null,null,null,null,null,null,null,null,null,null,null
160,"Blessd, CARABIN3, SVNTI",MUSA REMIX,Colombia,5ReIuecGjsHabpYSNlKnuR,null,null,null,null,null,null,null,null,null,null,null
162,"Ryan Castro, Blaiz Fayah, Tribal Kush",BOMBASTIK<3,Colombia,2Kx9AfJPaJib9DwAdDYdB9,null,null,null,null,null,null,null,null,null,null,null
163,Luister La Voz,Las Cartas,Colombia,73BrH4q0vUdhT34uK9j98O,null,null,null,null,null,null,null,null,null,null,null
164,"Ryan Castro, Blessd",LEJANIA,Colombia,4py8x8qXCOTi0Rrm4NbCTK,null,null,null,null,null,null,null,null,null,null,null
165,Ele A El Dominio,Hace Mucho Tiempo,Colombia,3eIvjtwoYC16ElxYE6ph7J,null,null,null,null,null,null,null,null,null,null,null
167,"Bad Bunny, Feid",PERRO NEGRO,Colombia,7iQXYTyuG13aoeHxGG28Nh,null,null,null,null,null,null,null,null,null,null,null
168,Grupo Niche,Algo Que Se Quede,Colombia,1JXcB149QtbcIpDUA6YZOB,null,null,null,null,null,null,null,null,null,null,null
170,"Alexis y Fido, Arcángel, De La Ghetto",Camuflaje (Remix),Colombia,1dAQ93kw8Sy9n4JCz2G9Nf,null,null,null,null,null,null,null,null,null,null,null
171,Los Hijos De Puerto Rico,Separados,Colombia,2HbmLkHkkI15eES8kpWRuI,null,null,null,null,null,null,null,null,null,null,null
172,Adolescent's Orquesta,Virgen,Colombia,5HCGrYR7g9u2X9Ju83yQLm,null,null,null,null,null,null,null,null,null,null,null
173,"El Americano 4KT, Tony Monta",WELCOME,Colombia,2lGGv17kLfOrdVzNFzuQWM,null,null,null,null,null,null,null,null,null,null,null
174,Yeison Jimenez,Maldita Traga,Colombia,4ysgNOWbc02RUnCxQMzpeL,null,null,null,null,null,null,null,null,null,null,null
175,"Luis Silva, Yeison Jimenez",Como No Voy a Decirlo,Colombia,0ToktqlTchGYvCRHUCWnG5,null,null,null,null,null,null,null,null,null,null,null
176,"Blessd, Hades66, Blackinny, Young Fatty",MAS QUE AMIGOS,Colombia,0sOrHE0vkEhrmWZnhqjP36,null,null,null,null,null,null,null,null,null,null,null
177,"Oscar Maydon, Fuerza Regida",Tu Boda,Colombia,5mp6OBKCAjN4UYRvhOuUze,null,null,null,null,null,null,null,null,null,null,null
179,"La Factoria, Eddy Lover",Perdóname,Colombia,6yLqoieklk9gwabLaUDJ4s,null,null,null,null,null,null,null,null,null,null,null
180,"Piso 21, Marc Anthony, Beéle",Volver,Colombia,61C7zXd4t2Zuhz6DRwgsLM,null,null,null,null,null,null,null,null,null,null,null
181,Farruko,Cositas Que Haciamos,Colombia,5BrVJGkFTBPAMRl5hIE9A7,null,null,null,null,null,null,null,null,null,null,null
182,"Blessd, Kris R., Young Fatty, TURY, CARABIN3, GeezyDee","MIU MIU (feat. GeezyDee, CARABIN3)",Colombia,1btsXTZnL2wVSW8oDWvjMM,null,null,null,null,null,null,null,null,null,null,null
183,Willie Colón,Talento De Televisión,Colombia,3fRIuTih8bzc0vtY9fHhvF,null,null,null,null,null,null,null,null,null,null,null
184,"Don Omar, Plan B",Hooka,Colombia,0BenZn1xELuxhb7Pjwyjxv,null,null,null,null,null,null,null,null,null,null,null
185,Blessd,Instagram,Colombia,0EFxJw34fK8DWlTxx9qYeW,null,null,null,null,null,null,null,null,null,null,null
186,Juliana,El AchanTAdo,Colombia,3fr52NaaVxb2UxPNxDtaQx,null,null,null,null,null,null,null,null,null,null,null
187,"J Alvarez, Ñejo & Dalmata","Sexo, Sudor y Calor",Colombia,4eDjNcAyIuJFhQ31Fvvoc1,null,null,null,null,null,null,null,null,null,null,null
189,"Victor Valverde, JR Torres",El Mayor De Los Ranas,Colombia,6v5qt5KPQHJt5ckWuhDGtM,null,null,null,null,null,null,null,null,null,null,null
190,Luis Enrique,Yo No Sé Mañana,Colombia,5jJTqI5yteOyLWoDTjiHCO,null,null,null,null,null,null,null,null,null,null,null
192,Fuerza Regida,TU SANCHO,Colombia,6eLQXa6uk2EW8drsiKbABZ,null,null,null,null,null,null,null,null,null,null,null
193,"GeezyDee, Kris R.",Parche Tranqui,Colombia,2ROj8GoI45RQouYomaLDTm,null,null,null,null,null,null,null,null,null,null,null
194,Jose Luis Carrascal,Como Duele El Frio,Colombia,2QcUxndr7skMMHLElnl4Bo,null,null,null,null,null,null,null,null,null,null,null
195,Fresto Music,Me Hace Daño Verte,Colombia,4dyzxv5SsdBtunuU3qj7Ti,null,null,null,null,null,null,null,null,null,null,null
196,David Pabon,Aquel Viejo Motel,Colombia,286NP8kXWzx2uHb5tr7TGv,null,null,null,null,null,null,null,null,null,null,null
197,Frankie Ruiz,Desnúdate Mujer,Colombia,65nL3OLuHHfEYxKkHMQ1fL,null,null,null,null,null,null,null,null,null,null,null
198,"Grupo Firme, Gerardo Coronel",Qué Onda Perdida,Colombia,6IV5Y1eWaQZ1jV5apkUMS4,null,null,null,null,null,null,null,null,null,null,null
199,Romeo Santos,Eres Mía,Colombia,6I86RF3odBlcuZA9Vfjzeq,null,null,null,null,null,null,null,null,null,null,null
35,Bella Kay,iloveitiloveitiloveit,Global,5IMpnpD0tQVcqWlVIgtAtV,null,null,null,null,null,null,null,null,null,null,null
42,"Drake, Wizkid, Kyla",One Dance,Global,1zi7xx7UVEFkmKfv06H8x0,null,null,null,null,null,null,null,null,null,null,null
44,Ella Langley,Choosin' Texas,Global,65DbTqJKhbwqYbZ1Okr0rc,null,null,null,null,null,null,null,null,null,null,null
51,The Killers,Mr. Brightside,Global,003vvx7Niy0yvhvHt4a68B,null,null,null,null,null,null,null,null,null,null,null
52,"Sean Paul, Keyshia Cole",(When You Gonna) Give It Up to Me - Radio Version,Global,5nEdwtSv0qqeE0l4o1lR4q,null,null,null,null,null,null,null,null,null,null,null
60,Fleetwood Mac,Dreams,Global,0ofHAoxe9vBkTCp2UQIavz,null,null,null,null,null,null,null,null,null,null,null
62,"Peso Pluma, Tito Double P",dopamina,Global,3e32UUqXzrI4g2y5kNZrwC,null,null,null,null,null,null,null,null,null,null,null
69,Dominic Fike,White Keys,Global,5ViLKrbyL3HD6wsq3AB9eI,null,null,null,null,null,null,null,null,null,null,null
72,"Gorillaz, De La Soul",Feel Good Inc.,Global,0d28khcov6AiegSCpG5TuT,null,null,null,null,null,null,null,null,null,null,null
74,Vance Joy,Riptide,Global,2uXlHCUbq9OMUwx3hrk06o,null,null,null,null,null,null,null,null,null,null,null
75,Arctic Monkeys,505,Global,58ge6dfP91o9oXMzq3XkIS,null,null,null,null,null,null,null,null,null,null,null
80,Herencia De Grandes,Ya Borracho,Global,4NyUIohBa3CEMGcXURYSOh,null,null,null,null,null,null,null,null,null,null,null
81,Linkin Park,In the End,Global,60a0Rd6pjrkxjPbaKzXjfq,null,null,null,null,null,null,null,null,null,null,null
84,Michael Jackson,Billie Jean,Global,7J1uxwnxfQLu4APicE5Rnj,null,null,null,null,null,null,null,null,null,null,null
86,Lord Huron,The Night We Met,Global,5yJaXWIErrrsjQ3J0eR5aK,null,null,null,null,null,null,null,null,null,null,null
87,"Peso Pluma, Tito Double P",daño,Global,136BeIIoBGrrU9fI1jbcDR,null,null,null,null,null,null,null,null,null,null,null
89,Neton Vega,Pvta Luna,Global,33MeEaRCeIQMSRyFTr5ZJU,null,null,null,null,null,null,null,null,null,null,null
94,"Peso Pluma, Tito Double P",7-3,Global,4lzo6zPM2paqyP8oBp3DOs,null,null,null,null,null,null,null,null,null,null,null
95,Don Toliver,Body,Global,0FlcmZ13DGRmscCroro9GO,null,null,null,null,null,null,null,null,null,null,null
96,Lenin Ramírez,Todo Lo Fue,Global,0Sa8aRfGckW0qUGLrBwoBG,null,null,null,null,null,null,null,null,null,null,null
99,Lil Uzi Vert,What You Saying,Global,7cjoZVmWe2xsGR4wcXiV2v,null,null,null,null,null,null,null,null,null,null,null
101,Evanescence,Bring Me To Life,Global,0COqiPhxzoWICwFCS4eZcp,null,null,null,null,null,null,null,null,null,null,null
103,Empire Of The Sun,We Are The People,Global,3zEN0ii6s4DHHBpnTp3RP7,null,null,null,null,null,null,null,null,null,null,null
104,"Don Omar, Lucenzo",Danza Kuduro,Global,2a1o6ZejUi8U3wzzOtCOYw,null,null,null,null,null,null,null,null,null,null,null
105,Fuerza Regida,Marlboro Rojo,Global,3hpm0fTeSqlhJbnqAgaLZs,null,null,null,null,null,null,null,null,null,null,null
106,Tame Impala,The Less I Know The Better,Global,6K4t31amVTZDgR3sKmwUJJ,null,null,null,null,null,null,null,null,null,null,null
107,Olivia Dean,Nice To Each Other,Global,7gKxCvTDWwV9wBhdeBbr3l,null,null,null,null,null,null,null,null,null,null,null
110,Piche Kota,Bahagia Lagi,Global,5tZaKZPJtiHh6teQfVEHB5,null,null,null,null,null,null,null,null,null,null,null
115,Harry Styles,Aperture,Global,45Z3m6yazmAi4jZuW0tzW0,null,null,null,null,null,null,null,null,null,null,null
119,The Weeknd,Blinding Lights,Global,0VjIjW4GlUZAMYd2vXMi3b,null,null,null,null,null,null,null,null,null,null,null
120,Tame Impala,Dracula,Global,1NXbNEAcPvY5G1xvfN57aA,null,null,null,null,null,null,null,null,null,null,null
122,Nirvana,Smells Like Teen Spirit,Global,0gucTLf7trAf37Ua1uAyAu,null,null,null,null,null,null,null,null,null,null,null
125,"Pitbull, AFROJACK, Ne-Yo, Nayer",Give Me Everything (feat. Nayer),Global,4QNpBfC0zvjKqPJcyqBy9W,null,null,null,null,null,null,null,null,null,null,null
126,"Tyler, The Creator, Kali Uchis",See You Again (feat. Kali Uchis),Global,7KA4W4McWYRpgf0fWsJZWB,null,null,null,null,null,null,null,null,null,null,null
128,Don Toliver,No Pole,Global,0eaVIYo2zeOaGJeqZ5TwYz,null,null,null,null,null,null,null,null,null,null,null
130,"Shakira, Wyclef Jean",Hips Don't Lie (feat. Wyclef Jean),Global,3d0WouFnFmr0K3kjeza3fF,null,null,null,null,null,null,null,null,null,null,null
132,Rihanna,Only Girl (In The World),Global,2ENexcMEMsYk0rVJigVD3i,null,null,null,null,null,null,null,null,null,null,null
133,Rihanna,Don't Stop The Music,Global,1Jo0Zg7XlrA6z0mFTZVdkn,null,null,null,null,null,null,null,null,null,null,null
136,Eminem,Without Me,Global,7lQ8MOhq6IN2w8EYcFNSUk,null,null,null,null,null,null,null,null,null,null,null
138,TOTO,Africa,Global,2374M0fQpWi3dLnB54qaLX,null,null,null,null,null,null,null,null,null,null,null
139,Linkin Park,Numb,Global,2nLtzopw4rPReszdYBJU6h,null,null,null,null,null,null,null,null,null,null,null
145,Idgitaf,Sedia Aku Sebelum Hujan,Global,64qfw9JZl3RYCrq4Mn0WvT,null,null,null,null,null,null,null,null,null,null,null
146,"Macklemore, Ryan Lewis, Macklemore & Ryan Lewis, Ray Dalton",Can't Hold Us (feat. Ray Dalton),Global,22skzmqfdWrjJylampe0kt,null,null,null,null,null,null,null,null,null,null,null
147,EsDeeKid,4 Raws,Global,554qQSs9lpRVq6TlaaiIKT,null,null,null,null,null,null,null,null,null,null,null
151,rihanna,We Found Love,Global,1zv3WFUbZ5vPxFq9I2jAU1,null,null,null,null,null,null,null,null,null,null,null
152,Sam Fender,Rein Me In,Global,0MUXBhPUDF8or0kfQ0EHwV,null,null,null,null,null,null,null,null,null,null,null
153,Creedence Clearwater Revival,Have You Ever Seen The Rain,Global,2LawezPeJhN4AWuSB0GtAU,null,null,null,null,null,null,null,null,null,null,null
158,Tom Odell,Another Love,Global,7jtQIBanIiJOMS6RyCx6jZ,null,null,null,null,null,null,null,null,null,null,null
159,"Peso Pluma, Tito Double P, LENCHO",chiclona,Global,5Q4HTsEGKanxOwL1nYCnhQ,null,null,null,null,null,null,null,null,null,null,null
160,Guns N' Roses,Sweet Child O' Mine,Global,7snQQk1zcKl8gZ92AnueZW,null,null,null,null,null,null,null,null,null,null,null
162,Tears For Fears,Everybody Wants To Rule The World,Global,2YiCMmONQcoMPX2bV1LxE0,null,null,null,null,null,null,null,null,null,null,null
163,Fleetwood Mac,The Chain - 2004 Remaster,Global,5e9TFTbltYBg2xThimr0rU,null,null,null,null,null,null,null,null,null,null,null
166,"DJ Japa NK, MC Meno K, MC Ryan SP, Mc Jacaré, DJ DAVI DOGDOG",Posso Até Não Te Dar Flores,Global,4G7bbgD2DHORU4frrWoCXp,null,null,null,null,null,null,null,null,null,null,null
167,"Nelly Furtado, Timbaland",Promiscuous,Global,2gam98EZKrF9XuOkU13ApN,null,null,null,null,null,null,null,null,null,null,null
168,Lady Gaga,Poker Face,Global,1QV6tiMFM6fSOKOGLMHYYg,null,null,null,null,null,null,null,null,null,null,null
170,"French Montana, Swae Lee",Unforgettable,Global,3B54sVLJ402zGa6Xm4YGNe,null,null,null,null,null,null,null,null,null,null,null
171,"Coolio, L.V.",Gangsta's Paradise,Global,1DIXPcTDzTj8ZMHt3PDt8p,null,null,null,null,null,null,null,null,null,null,null
172,Rihanna,Love On The Brain,Global,5oO3drDxtziYU2H1X23ZIp,null,null,null,null,null,null,null,null,null,null,null
175,Lana Del Rey,Summertime Sadness,Global,1FEiijYPJtyswChfcpv3p0,null,null,null,null,null,null,null,null,null,null,null
177,Twenty One Pilots,Stressed Out,Global,3CRDbSIZ4r5MsZ0YwxuEkn,null,null,null,null,null,null,null,null,null,null,null
178,Hotel Ugly,Shut up My Moms Calling,Global,3hxIUxnT27p5WcmjGUXNwx,null,null,null,null,null,null,null,null,null,null,null
179,Linkin Park,Somewhere I Belong,Global,3fjmSxt0PskST13CSdBUFx,null,null,null,null,null,null,null,null,null,null,null
181,The Cure,Boys Don't Cry,Global,1QFh8OH1e78dGd3VyJZCAC,null,null,null,null,null,null,null,null,null,null,null
184,Hozier,Take Me To Church,Global,3dYD57lRAUcMHufyqn9GcI,null,null,null,null,null,null,null,null,null,null,null
186,Fuerza Regida,TU SANCHO,Global,6eLQXa6uk2EW8drsiKbABZ,null,null,null,null,null,null,null,null,null,null,null
188,Nirvana,Come As You Are,Global,5AEOqLsRJFAoSS4ay4Jzao,null,null,null,null,null,null,null,null,null,null,null
189,Rihanna,S&M,Global,7ySUcLPVX7KudhnmNcgY2D,null,null,null,null,null,null,null,null,null,null,null
191,Chappell Roan,Pink Pony Club,Global,6393yGahSJ9slVdOwSxOVR,null,null,null,null,null,null,null,null,null,null,null
192,"Post Malone, Swae Lee",Sunflower - Spider-Man: Into the Spider-Verse,Global,0RiRZpuVRbi7oqRdSMwhQY,null,null,null,null,null,null,null,null,null,null,null
193,Rihanna,Breakin' Dishes,Global,5EcG8eMMlwkHRVa4aTR1qd,null,null,null,null,null,null,null,null,null,null,null
194,"Kanye West, Dwele",Flashing Lights,Global,5TRPicyLGbAF2LGBFbHGvO,null,null,null,null,null,null,null,null,null,null,null
195,a-ha,Take on Me,Global,04aigH9HRGebQZu1JAN6X1,null,null,null,null,null,null,null,null,null,null,null
196,Lola Young,Messy,Global,35ISBknsCeZQtq66xABI9g,null,null,null,null,null,null,null,null,null,null,null
198,"Calvin Harris, Ellie Goulding",Outside (feat. Ellie Goulding),Global,7MmG8p0F9N3C4AXdK6o6Eb,null,null,null,null,null,null,null,null,null,null,null
199,Oasis,Wonderwall,Global,5qqabIl2vWzo9ApSC317sa,null,null,null,null,null,null,null,null,null,null,null
4,A-Lin,幸福在歌唱 - 電影《陽光女子合唱團》幸福版主題曲,Taiwan,3VHi5bCUek6XdiDmqqrirs,null,null,null,null,null,null,null,null,null,null,null
6,Crowd Lu,太陽與地球,Taiwan,0bQSWXtpau3VkNI1ZcXTQA,null,null,null,null,null,null,null,null,null,null,null
7,Pei-Yu Hung,再見的時候 - 電影〈陽光女子合唱團〉主題曲-再見版,Taiwan,3IBYp3fKyydZ5dDtirLY6P,null,null,null,null,null,null,null,null,null,null,null
13,V,Slow Dancing,Taiwan,5h1BN75CEh8wdSwE1xrbSe,null,null,null,null,null,null,null,null,null,null,null
14,Patrick Brasca,單程票,Taiwan,3woBOD3Ldh81fAwpsnD8yC,null,null,null,null,null,null,null,null,null,null,null
15,"Top Barry, INDEcompany",一半一半,Taiwan,21x0N6lu6D9kO8rVtTU3mH,null,null,null,null,null,null,null,null,null,null,null
16,V,Love Me Again,Taiwan,2N0SPREDYqILVEFSsWF5N5,null,null,null,null,null,null,null,null,null,null,null
22,黃奇斌,若無你我欲去佗位,Taiwan,76EfpqmO6JUL2TTR1SIGwz,null,null,null,null,null,null,null,null,null,null,null
23,"Patrick Brasca, mac ova seas",左轉燈 (1000 Times+1),Taiwan,4UwZyC0wEV6XDEAr9kaQhi,null,null,null,null,null,null,null,null,null,null,null
27,Bestards,離開的一路上,Taiwan,1NoDTQhJsrd5rnpb6PQthK,null,null,null,null,null,null,null,null,null,null,null
28,Crowd Lu,一夜一夜一夜,Taiwan,3wofqqt5YJWdhLI9IFaX39,null,null,null,null,null,null,null,null,null,null,null
30,Crowd Lu,幾分之幾 - 電影<花甲大人轉男孩>主題曲,Taiwan,4F7ZAsndEIJXyFzJUHNlRu,null,null,null,null,null,null,null,null,null,null,null
31,"i-dle, skaiwater",Mono (feat. skaiwater),Taiwan,3VxmXJ4FdtbWI27p3Gx4Wh,null,null,null,null,null,null,null,null,null,null,null
32,EggPlantEgg,閣愛妳一擺,Taiwan,4Zwn8WxD61diTwqv9hyTQA,null,null,null,null,null,null,null,null,null,null,null
35,Stefanie Sun,我懷念的,Taiwan,7z2M7DsEjZjwXBkWG3zd21,null,null,null,null,null,null,null,null,null,null,null
37,BABYMONSTER,PSYCHO,Taiwan,491ca80N1C63tpoLvAsLKb,null,null,null,null,null,null,null,null,null,null,null
38,Khalil Fong,愛愛愛,Taiwan,59lBAMCis4C6NsPdUV35Vz,null,null,null,null,null,null,null,null,null,null,null
40,"Patrick Brasca, 陳華",你沒等我去的舊金山,Taiwan,1aNVW0fujBVx7JTorTO1jn,null,null,null,null,null,null,null,null,null,null,null
41,Bestards,不是因為天氣晴朗才愛你,Taiwan,2VEt42QSQxILgEf9B50xxm,null,null,null,null,null,null,null,null,null,null,null
42,aespa,Whiplash,Taiwan,7Cnpb1vBbC46RgVyyKLH7p,null,null,null,null,null,null,null,null,null,null,null
43,Amazing Show,愛情的大壞蛋,Taiwan,5HVq8nS0pbM6G7YK8M7DY4,null,null,null,null,null,null,null,null,null,null,null
45,A-Mei Chang,連名帶姓,Taiwan,3LlQoKvVnkVvq3KC8anUn8,null,null,null,null,null,null,null,null,null,null,null
46,陳粒,小半,Taiwan,3QxWTqyIT4O9bokIZlNDpo,null,null,null,null,null,null,null,null,null,null,null
47,BABYMONSTER,WE GO UP,Taiwan,1tonXoW6dcb7GGNpec3PTl,null,null,null,null,null,null,null,null,null,null,null
49,Pets Tseng,一個人想著一個人,Taiwan,3n3zzFH7zzO0gJNaw4RKSm,null,null,null,null,null,null,null,null,null,null,null
52,Stefanie Sun,開始懂了,Taiwan,68tZwwRuo9ip5gRQFG1XWF,null,null,null,null,null,null,null,null,null,null,null
53,David Tao,愛我還是他,Taiwan,13bw75oRjvxMv9VGIeM32i,null,null,null,null,null,null,null,null,null,null,null
56,JOLIN,布拉格廣場 - JOLIN Version/ 星宇航空布拉格開航主題曲,Taiwan,0HnESxAFR5lTHioAlI7wo3,null,null,null,null,null,null,null,null,null,null,null
57,EggPlantEgg,浪流連,Taiwan,1IS0WFyiVpwsATeSzjEvpI,null,null,null,null,null,null,null,null,null,null,null
58,Sam Lee,痴心絕對,Taiwan,0D0n4q2o54VTOmDJdL6ikY,null,null,null,null,null,null,null,null,null,null,null
61,EggPlantEgg,愛情你比我想的閣較偉大 (《當男人戀愛時》電影主題曲),Taiwan,6m2I6ZyWRkxjBrrLVQILfl,null,null,null,null,null,null,null,null,null,null,null
63,icyball 冰球樂團,不在乎,Taiwan,1t2mpO9GpLjRHDDX6SFWRn,null,null,null,null,null,null,null,null,null,null,null
65,"马也_Crabbit, Cole先生",海屿你,Taiwan,6UO9nrihAk6sFGvVHDVTz8,null,null,null,null,null,null,null,null,null,null,null
66,艾薇 Ivy,天使借的溫柔,Taiwan,3ITUmRLMjxf3ZqCPSDD2gk,null,null,null,null,null,null,null,null,null,null,null
70,G.E.M.,多遠都要在一起,Taiwan,55d0jw269HE9pbOt5ntCo8,null,null,null,null,null,null,null,null,null,null,null
73,CORTIS,FaSHioN,Taiwan,4ecdsGz3Hg6TKPwQ0ZOdJz,null,null,null,null,null,null,null,null,null,null,null
75,A-Mei Chang,人質,Taiwan,6OAUhxFZzaRHHC8XiuIkvb,null,null,null,null,null,null,null,null,null,null,null
77,BABYMONSTER,DRIP,Taiwan,1MUZitHRpmng5NevrvNx4T,null,null,null,null,null,null,null,null,null,null,null
78,Richael Liu,两三句,Taiwan,0BkBM5rY934yzHViRhd8Em,null,null,null,null,null,null,null,null,null,null,null
80,"Jay Chou, A-Mei Chang",不該,Taiwan,5miH0BWhRVTvHAwmnoeyXH,null,null,null,null,null,null,null,null,null,null,null
81,Sam Lee,手放開,Taiwan,2Dd9EXYXI2NNrLG61OtWQv,null,null,null,null,null,null,null,null,null,null,null
83,CORTIS,"Mention Me - From The Movie ""GOAT""",Taiwan,3f0OEJd7mlPNhmH3fUOrqy,null,null,null,null,null,null,null,null,null,null,null
84,F.I.R.,月牙灣,Taiwan,1b5IRT3iraxjHOsKZx93sW,null,null,null,null,null,null,null,null,null,null,null
87,PIZZALI,做我的初戀,Taiwan,4flk8ZgDFry6o2t0SdKsnB,null,null,null,null,null,null,null,null,null,null,null
89,A-Lin,給我一個理由忘記,Taiwan,2DcmVSLAg0ZzfOQxDshZHY,null,null,null,null,null,null,null,null,null,null,null
90,David Tao,就是愛妳,Taiwan,73eCSQ1DxQbaOnzy8PhKx3,null,null,null,null,null,null,null,null,null,null,null
91,Joker Xue,其实,Taiwan,6Mmdzst5fLkrKjhdkGhLpe,null,null,null,null,null,null,null,null,null,null,null
93,Hearts2Hearts,FOCUS,Taiwan,6jYiHr12NVKLzn0X7K8aSK,null,null,null,null,null,null,null,null,null,null,null
95,Amazing Show,偷偷愛,Taiwan,0L7R4dmkwk46DEZgqx1fF7,null,null,null,null,null,null,null,null,null,null,null
97,Fish Leong,慢冷,Taiwan,3NNDJfWMGHuNpvHWTImmlW,null,null,null,null,null,null,null,null,null,null,null
99,Ronghao Li,"不將就 (電影""何以笙簫默""片尾曲)",Taiwan,5DH8nF7aWoXXg5Sm3gjCWD,null,null,null,null,null,null,null,null,null,null,null
100,aespa,Rich Man,Taiwan,1sUjTLLCJzcxC15GUBrOlg,null,null,null,null,null,null,null,null,null,null,null
101,F.I.R.,我們的愛,Taiwan,0Q4YuuiCuxIIKUw2fb1cmV,null,null,null,null,null,null,null,null,null,null,null
102,Crowd Lu,愚人節快樂,Taiwan,3bQeHxH1x4pVUfsRpuLAlH,null,null,null,null,null,null,null,null,null,null,null
103,JOLIN,妥協,Taiwan,0m1cI6aV1jq537JamnL592,null,null,null,null,null,null,null,null,null,null,null
104,李浩瑋 Howard Lee,無垢,Taiwan,08VBl78Lgs7VIEzCL1Btyv,null,null,null,null,null,null,null,null,null,null,null
107,Andrew Tan,天后,Taiwan,4D0KlK4Fl8lotvsoys1bYQ,null,null,null,null,null,null,null,null,null,null,null
108,TWS,OVERDRIVE,Taiwan,5qAfVxNUxjrELshgTpWxLf,null,null,null,null,null,null,null,null,null,null,null
110,Wu Bai,淚橋,Taiwan,0NAcDn6U2GB2Arhspmh38S,null,null,null,null,null,null,null,null,null,null,null
111,"G-DRAGON, TAEYANG, DAESUNG",HOME SWEET HOME (feat. TAEYANG & DAESUNG),Taiwan,5doooVlMVRZztQbySqARMI,null,null,null,null,null,null,null,null,null,null,null
113,TWICE,THIS IS FOR,Taiwan,18AMT576rBlQFMzUTS7WBa,null,null,null,null,null,null,null,null,null,null,null
114,高爾宣 OSN,Without You,Taiwan,0KWnRv3wxjltYVB3MqjNd2,null,null,null,null,null,null,null,null,null,null,null
115,A-Mei Chang,如果你也聽說,Taiwan,2JH8WubSk2IWYUDBUguSQv,null,null,null,null,null,null,null,null,null,null,null
116,NMIXX,Blue Valentine,Taiwan,4i0HNuFEH6P6K4UnsY5uUh,null,null,null,null,null,null,null,null,null,null,null
117,A-Lin,失戀無罪,Taiwan,2s96YKKpfBUbQP3lJuhkfX,null,null,null,null,null,null,null,null,null,null,null
118,G.E.M.,泡沫,Taiwan,2IfSPLPDW6RGosdB5huwAA,null,null,null,null,null,null,null,null,null,null,null
119,Jay Chou,七里香,Taiwan,57w29bSwdIZ6gr6xXOqwc1,null,null,null,null,null,null,null,null,null,null,null
122,Leehom Wang,愛錯,Taiwan,4vdX5mQE0oXkflFqsqQkUP,null,null,null,null,null,null,null,null,null,null,null
123,BABYMONSTER,Really Like You,Taiwan,5xqM1HOndjxfH7NmyD8SVS,null,null,null,null,null,null,null,null,null,null,null
124,"艾薇 Ivy, 吳霏",我受夠了,Taiwan,3w71TlXbEeZeZcI7BtHy2G,null,null,null,null,null,null,null,null,null,null,null
125,EggPlantEgg,浪子回頭,Taiwan,301mxTHzMyFOVUXl6U22sf,null,null,null,null,null,null,null,null,null,null,null
126,"高爾宣 OSN, Patrick Brasca",Hold On,Taiwan,580BvW3DyUNoYFgQgoD2GI,null,null,null,null,null,null,null,null,null,null,null
127,Juice Boy,一萬公里外的你,Taiwan,6FIhcAp2lj45eFlUkTriAr,null,null,null,null,null,null,null,null,null,null,null
128,A-Mei Chang,掉了,Taiwan,4yLirljV93Y0vIoERjeTv5,null,null,null,null,null,null,null,null,null,null,null
131,"ROSÉ, F1 The Album",Messy (From F1® The Movie),Taiwan,6Wobsw9uZ0D0xkfOjxXSq9,null,null,null,null,null,null,null,null,null,null,null
132,Stefanie Sun,雨天,Taiwan,5tZbcQ5PYID0xB0VNblmrK,null,null,null,null,null,null,null,null,null,null,null
133,玖壹壹,下輩子,Taiwan,73Ijz3vN9KP1W5qrfNeWMI,null,null,null,null,null,null,null,null,null,null,null
134,Amazing Show,捲菸,Taiwan,7ks6KrwN2DKhEm06X85qEK,null,null,null,null,null,null,null,null,null,null,null
135,TWICE,What is Love?,Taiwan,5Ek40FyMPprcvtyZDjqylX,null,null,null,null,null,null,null,null,null,null,null
136,Stefanie Sun,我不難過,Taiwan,4XrWar13kLO1jr535AzKrQ,null,null,null,null,null,null,null,null,null,null,null
137,Jay Chou,說好的幸福呢,Taiwan,4OoExItZJ0jePoCZDbHx4t,null,null,null,null,null,null,null,null,null,null,null
138,IVE,XOXZ,Taiwan,2c6xH9usslUoHnOzsRhpcP,null,null,null,null,null,null,null,null,null,null,null
139,Crowd Lu,刻在我心底的名字 (Your Name Engraved Herein) - 電影<刻在你心底的名字>主題曲,Taiwan,3OC84eKMxRJ4x0Hcwl9i4i,null,null,null,null,null,null,null,null,null,null,null
141,831,想見你想見你想見你 - 電視劇《想見你》片尾曲,Taiwan,69zgyr5HVKdInjeKpq1qHa,null,null,null,null,null,null,null,null,null,null,null
142,ALLDAY PROJECT,ONE MORE TIME,Taiwan,7FyKqLLICVzwBiAUtbVYUW,null,null,null,null,null,null,null,null,null,null,null
144,Zhang Zhen Yue,愛我別走,Taiwan,2fc2vUA5H3mTAr9rQoBDKt,null,null,null,null,null,null,null,null,null,null,null
145,Jay Chou,一路向北,Taiwan,7KoqEF76fGnDYdxTSHLxcm,null,null,null,null,null,null,null,null,null,null,null
150,Khalil Fong,紅豆,Taiwan,5TkQbhQm9BXONk2agDo4w9,null,null,null,null,null,null,null,null,null,null,null
151,IVE,Odd (GAEUL Solo),Taiwan,2dl3pNKU8pr0fcI4XrKcGF,null,null,null,null,null,null,null,null,null,null,null
152,David Tao,"愛, 很簡單",Taiwan,3OXHwY8gI2QUh0QliXBwrI,null,null,null,null,null,null,null,null,null,null,null
153,菲菲公主,第57次取消发送,Taiwan,2xYrGeWUjwGvB0KMAfUFSd,null,null,null,null,null,null,null,null,null,null,null
154,Cheer Chen,太聰明,Taiwan,4DCB1S7G6SmH9qlDpEVIzP,null,null,null,null,null,null,null,null,null,null,null
155,頑童Mj116,SPOTLIGHT,Taiwan,4IazYww9msi3dR81d9itO7,null,null,null,null,null,null,null,null,null,null,null
156,艾薇 Ivy,失重前幸福,Taiwan,3SJgTyb8a7z66suw0kBZ0T,null,null,null,null,null,null,null,null,null,null,null
157,Rainie Yang,雨愛,Taiwan,553GNiNqcudWfsF55RBDqz,null,null,null,null,null,null,null,null,null,null,null
158,CORTIS,JoyRide,Taiwan,6T17ZI0glfM2IGLdUwtnLK,null,null,null,null,null,null,null,null,null,null,null
159,JENNIE,Mantra,Taiwan,1kUyOJb3fzUo8r0OCz5SQk,null,null,null,null,null,null,null,null,null,null,null
160,Shi Shi,少一點天份,Taiwan,7lCLZlVt6g4ifoHXpXEHZm,null,null,null,null,null,null,null,null,null,null,null
161,Amazing Show,心悶,Taiwan,5PpuqQ7vLG2e66SUpjUVYg,null,null,null,null,null,null,null,null,null,null,null
164,Hearts2Hearts,STYLE,Taiwan,5EoV2HmAlkqN1XvsIjOBZZ,null,null,null,null,null,null,null,null,null,null,null
166,Rene Liu,後來,Taiwan,2wzXhxWPX0aODraKNXoJYY,null,null,null,null,null,null,null,null,null,null,null
167,sodagreen,小情歌,Taiwan,4FhJ7YSRxATHnaRg4nGs6t,null,null,null,null,null,null,null,null,null,null,null
168,Ricky Hsiao,末班車,Taiwan,4oELKeBS6hWwN3CTuN6acA,null,null,null,null,null,null,null,null,null,null,null
169,"Marz23, Faye 詹雯婷",不簡單的歌 (feat. Faye 詹雯婷),Taiwan,77Y69dj99sTYGAWule3nz8,null,null,null,null,null,null,null,null,null,null,null
170,WOODZ,Drowning,Taiwan,4xeugB5MqWh0jwvXZPxahq,null,null,null,null,null,null,null,null,null,null,null
171,芒果醬 Mango Jump,我喜歡你,Taiwan,6FpUCVpLvO0QXwsovSfWEa,null,null,null,null,null,null,null,null,null,null,null
172,JOLIN,倒帶,Taiwan,4XipvtwRgtUrGb2j2l0wNG,null,null,null,null,null,null,null,null,null,null,null
173,Eason Chan,淘汰,Taiwan,5sYtvIl1mx9QuIgwC6FDU1,null,null,null,null,null,null,null,null,null,null,null
174,黃小琥,沒那麽簡單,Taiwan,4xZIMRwaaBx7CZMmM6KLuh,null,null,null,null,null,null,null,null,null,null,null
175,"Ronghao Li, A-Mei Chang",對等關係 (feat. 張惠妹),Taiwan,0mGNDAW085Jkn8IbEalZG3,null,null,null,null,null,null,null,null,null,null,null
176,aespa,UP - KARINA Solo,Taiwan,5sjnkOfTLCLNfkkchI2re2,null,null,null,null,null,null,null,null,null,null,null
177,Amazing Show,擋一根,Taiwan,6439IQyiZV5I7aOo8UREgm,null,null,null,null,null,null,null,null,null,null,null
179,Sam Lee,最近,Taiwan,0ONg8VCxzW3CCNDxDY0DNe,null,null,null,null,null,null,null,null,null,null,null
182,F.I.R.,Lydia,Taiwan,4D4KVgVNxed4Hd3rGWlCo2,null,null,null,null,null,null,null,null,null,null,null
183,Nicky Lee,想太多,Taiwan,7IiSESHLOtsoEXTlXa0bjJ,null,null,null,null,null,null,null,null,null,null,null
184,颜人中,有些,Taiwan,4bDJJr7yG31MApWuvEasAo,null,null,null,null,null,null,null,null,null,null,null
185,David Tao,普通朋友,Taiwan,7CTitzr4eVIDCPUJi5Dr4B,null,null,null,null,null,null,null,null,null,null,null
187,aespa,Drama,Taiwan,5XWlyfo0kZ8LF7VSyfS4Ew,null,null,null,null,null,null,null,null,null,null,null
188,icyball 冰球樂團,能不能和我留在台北（陪我幾天）,Taiwan,63N9fNPJ5kkbvtntCwgIbm,null,null,null,null,null,null,null,null,null,null,null
190,Wu Bai,夢醒時分,Taiwan,51fGtLs5vdK2NOumVhMXru,null,null,null,null,null,null,null,null,null,null,null
191,IVE,I AM,Taiwan,70t7Q6AYG6ZgTYmJWcnkUM,null,null,null,null,null,null,null,null,null,null,null
192,BY2,我知道,Taiwan,7iXPSlDdL0EQwPFtUR8ye1,null,null,null,null,null,null,null,null,null,null,null
195,Eason Chan,十年,Taiwan,25pWemriUQVrZ3yIiS2IBf,null,null,null,null,null,null,null,null,null,null,null
196,Eric Chou,想念你想我,Taiwan,1sl9O7VLwGwdw4iXqnkbDP,null,null,null,null,null,null,null,null,null,null,null
197,Eric Chou,摯友,Taiwan,5evE7bweEhX83fd1ZmwPjP,null,null,null,null,null,null,null,null,null,null,null
198,BABYMONSTER,FOREVER,Taiwan,7a6vvAM1cjAuyVQpqv9pmu,null,null,null,null,null,null,null,null,null,null,null
199,NewJeans,Ditto,Taiwan,3r8RuvgbX9s7ammBn07D3W,null,null,null,null,null,null,null,null,null,null,null
3,Ella Langley,Choosin' Texas,USA,65DbTqJKhbwqYbZ1Okr0rc,null,null,null,null,null,null,null,null,null,null,null
15,Don Toliver,Body,USA,0FlcmZ13DGRmscCroro9GO,null,null,null,null,null,null,null,null,null,null,null
20,Bella Kay,iloveitiloveitiloveit,USA,5IMpnpD0tQVcqWlVIgtAtV,null,null,null,null,null,null,null,null,null,null,null
21,The Killers,Mr. Brightside,USA,003vvx7Niy0yvhvHt4a68B,null,null,null,null,null,null,null,null,null,null,null
26,Fleetwood Mac,Dreams,USA,0ofHAoxe9vBkTCp2UQIavz,null,null,null,null,null,null,null,null,null,null,null
28,Ella Langley,Be Her,USA,05CjWFAcAlY6O9po6Qwakk,null,null,null,null,null,null,null,null,null,null,null
29,Ella Langley,weren't for the wind,USA,2A22iI0x4EYAVXNpKPhNEM,null,null,null,null,null,null,null,null,null,null,null
31,Luke Combs,Be By You,USA,7aLndReanHBzpTGE5Am9H8,null,null,null,null,null,null,null,null,null,null,null
32,Morgan Wallen,I Got Better,USA,4gfrYDtaRmp6HPvN80V2ob,null,null,null,null,null,null,null,null,null,null,null
37,Lil Uzi Vert,What You Saying,USA,7cjoZVmWe2xsGR4wcXiV2v,null,null,null,null,null,null,null,null,null,null,null
40,Arctic Monkeys,505,USA,58ge6dfP91o9oXMzq3XkIS,null,null,null,null,null,null,null,null,null,null,null
43,Noah Kahan,The Great Divide,USA,77zqs8ucHCSk5jh9TYec4b,null,null,null,null,null,null,null,null,null,null,null
45,Don Toliver,No Pole,USA,0eaVIYo2zeOaGJeqZ5TwYz,null,null,null,null,null,null,null,null,null,null,null
50,Dominic Fike,White Keys,USA,5ViLKrbyL3HD6wsq3AB9eI,null,null,null,null,null,null,null,null,null,null,null
51,"Waka Flocka Flame, Roscoe Dash, Wale",No Hands,USA,03tqyYWC9Um2ZqU0ZN849H,null,null,null,null,null,null,null,null,null,null,null
52,"BigXthaPlug, Ella Langley",Hell At Night (feat. Ella Langley),USA,3pAVk6Ydn0dcGpG8gDyxSJ,null,null,null,null,null,null,null,null,null,null,null
53,Whiskey Myers,Broken Window Serenade,USA,1VOSSXuWRcBj2rpfxNdX9v,null,null,null,null,null,null,null,null,null,null,null
54,Drake,Headlines,USA,6LxSe8YmdPxy095Ux6znaQ,null,null,null,null,null,null,null,null,null,null,null
58,"Mac Miller, Empire Of The Sun",The Spins,USA,2QGVKiAGTa1YcDqPMhAzF7,null,null,null,null,null,null,null,null,null,null,null
65,EsDeeKid,4 Raws,USA,554qQSs9lpRVq6TlaaiIKT,null,null,null,null,null,null,null,null,null,null,null
67,"Zach Bryan, Kacey Musgraves",I Remember Everything (feat. Kacey Musgraves),USA,4KULAymBBJcPRpk1yO4dOG,null,null,null,null,null,null,null,null,null,null,null
68,Fetty Wap,Trap Queen,USA,2d8JP84HNLKhmd6IYOoupQ,null,null,null,null,null,null,null,null,null,null,null
69,Tame Impala,The Less I Know The Better,USA,6K4t31amVTZDgR3sKmwUJJ,null,null,null,null,null,null,null,null,null,null,null
70,"Drake, Wizkid, Kyla",One Dance,USA,1zi7xx7UVEFkmKfv06H8x0,null,null,null,null,null,null,null,null,null,null,null
71,"White Noise Radiance, Rain Sounds","Rain Sounds for Sleeping, Pt. 06 (Continuous No Gaps)",USA,7gF2mPcjipv2hLGHY7bi17,null,null,null,null,null,null,null,null,null,null,null
72,Morgan Wallen,I'm The Problem,USA,7AeM1BGYM7emrqmQn1PuWv,null,null,null,null,null,null,null,null,null,null,null
74,Brent Faiyaz,butterflies.,USA,4jyyma8YdFC4S4llusSFRu,null,null,null,null,null,null,null,null,null,null,null
77,J. Cole,No Role Modelz,USA,68Dni7IE4VyPkTOH9mRWHr,null,null,null,null,null,null,null,null,null,null,null
78,Tame Impala,Dracula,USA,1NXbNEAcPvY5G1xvfN57aA,null,null,null,null,null,null,null,null,null,null,null
80,Chappell Roan,Pink Pony Club,USA,6393yGahSJ9slVdOwSxOVR,null,null,null,null,null,null,null,null,null,null,null
81,Frank Ocean,Nights,USA,7eqoqGkKwgOaWNNHx90uEZ,null,null,null,null,null,null,null,null,null,null,null
82,Lit,My Own Worst Enemy,USA,33iv3wnGMrrDugd7GBso1z,null,null,null,null,null,null,null,null,null,null,null
84,"Post Malone, Morgan Wallen",I Had Some Help (Feat. Morgan Wallen),USA,5IZXB5IKAD2qlvTPJYDCFB,null,null,null,null,null,null,null,null,null,null,null
86,Zach Bryan,Something in the Orange,USA,3WMj8moIAXJhHsyLaqIIHI,null,null,null,null,null,null,null,null,null,null,null
88,Foo Fighters,Everlong,USA,5UWwZ5lm5PKu6eKsHAGxOk,null,null,null,null,null,null,null,null,null,null,null
90,Chris Stapleton,You Should Probably Leave,USA,2UikqkwBv7aIvlixeVXHWt,null,null,null,null,null,null,null,null,null,null,null
91,Childish Gambino,Les,USA,7ghKr0pCYyPPyp7t1FH8k4,null,null,null,null,null,null,null,null,null,null,null
92,Drake,Passionfruit,USA,5mCPDVBb16L4XQwDdbRUpz,null,null,null,null,null,null,null,null,null,null,null
93,"Nelly Furtado, Timbaland",Promiscuous,USA,2gam98EZKrF9XuOkU13ApN,null,null,null,null,null,null,null,null,null,null,null
94,"Kanye West, Dwele",Flashing Lights,USA,5TRPicyLGbAF2LGBFbHGvO,null,null,null,null,null,null,null,null,null,null,null
95,Fleetwood Mac,The Chain - 2004 Remaster,USA,5e9TFTbltYBg2xThimr0rU,null,null,null,null,null,null,null,null,null,null,null
96,Fleetwood Mac,Landslide,USA,5ihS6UUlyQAfmp48eSkxuQ,null,null,null,null,null,null,null,null,null,null,null
97,Rihanna,Don't Stop The Music,USA,1Jo0Zg7XlrA6z0mFTZVdkn,null,null,null,null,null,null,null,null,null,null,null
101,"Gorillaz, De La Soul",Feel Good Inc.,USA,0d28khcov6AiegSCpG5TuT,null,null,null,null,null,null,null,null,null,null,null
103,Treaty Oak Revival,Missed Call,USA,6ybZUqlfk938oS6WeBmDab,null,null,null,null,null,null,null,null,null,null,null
105,Olivia Dean,Nice To Each Other,USA,7gKxCvTDWwV9wBhdeBbr3l,null,null,null,null,null,null,null,null,null,null,null
107,Riley Green,Worst Way,USA,1osfLqL6L2iQsirRf83ded,null,null,null,null,null,null,null,null,null,null,null
109,Sublime,Santeria,USA,2hnMS47jN0etwvFPzYk11f,null,null,null,null,null,null,null,null,null,null,null
110,"Tyler, The Creator, Kali Uchis",See You Again (feat. Kali Uchis),USA,7KA4W4McWYRpgf0fWsJZWB,null,null,null,null,null,null,null,null,null,null,null
111,Red Hot Chili Peppers,Scar Tissue,USA,32sx78QsGg6pKXn42XvF9L,null,null,null,null,null,null,null,null,null,null,null
112,Vance Joy,Riptide,USA,2uXlHCUbq9OMUwx3hrk06o,null,null,null,null,null,null,null,null,null,null,null
115,Chris Stapleton,Tennessee Whiskey,USA,3fqwjXwUGN6vbzIwvyFMhx,null,null,null,null,null,null,null,null,null,null,null
116,Luke Combs,Sleepless in a Hotel Room,USA,2za9t2qpWyUpIhnJcwopPt,null,null,null,null,null,null,null,null,null,null,null
117,"Morgan Wallen, Tate McRae",What I Want (feat. Tate McRae),USA,04emojnbYkrRmv5qtJcgVP,null,null,null,null,null,null,null,null,null,null,null
118,Harry Styles,Aperture,USA,45Z3m6yazmAi4jZuW0tzW0,null,null,null,null,null,null,null,null,null,null,null
119,Noah Kahan,Stick Season,USA,0mflMxspEfB0VbI1kyLiAv,null,null,null,null,null,null,null,null,null,null,null
120,Don Toliver,ATM,USA,03auLpFLdCv4HozP4pQseu,null,null,null,null,null,null,null,null,null,null,null
121,Shaboozey,A Bar Song (Tipsy),USA,5fZJQrFKWQLb7FpJXZ1g7K,null,null,null,null,null,null,null,null,null,null,null
122,Kendrick Lamar,Not Like Us,USA,6AI3ezQ4o3HUoP6Dhudph3,null,null,null,null,null,null,null,null,null,null,null
124,Evanescence,Bring Me To Life,USA,0COqiPhxzoWICwFCS4eZcp,null,null,null,null,null,null,null,null,null,null,null
125,Ella Langley,Dandelion,USA,7FudQLDIYCX6F7ruexVn2X,null,null,null,null,null,null,null,null,null,null,null
127,Creedence Clearwater Revival,Have You Ever Seen The Rain,USA,2LawezPeJhN4AWuSB0GtAU,null,null,null,null,null,null,null,null,null,null,null
130,Nirvana,Smells Like Teen Spirit,USA,0gucTLf7trAf37Ua1uAyAu,null,null,null,null,null,null,null,null,null,null,null
131,Kanye West,Heartless,USA,4EWCNWgDS8707fNSZ1oaA5,null,null,null,null,null,null,null,null,null,null,null
132,"Don Toliver, Rema",Secondhand (feat. Rema),USA,4Z5KKoBGxpJo8YbDcGQXd5,null,null,null,null,null,null,null,null,null,null,null
135,Rihanna,Love On The Brain,USA,5oO3drDxtziYU2H1X23ZIp,null,null,null,null,null,null,null,null,null,null,null
136,Don Toliver,Gemstone,USA,6d9Cs2D2RSIl9c0ulgnFe8,null,null,null,null,null,null,null,null,null,null,null
137,Lil Uzi Vert,20 Min,USA,0uxSUdBrJy9Un0EYoBowng,null,null,null,null,null,null,null,null,null,null,null
140,Frank Ocean,Pink + White,USA,3xKsf9qdS1CyvXSMEid6g8,null,null,null,null,null,null,null,null,null,null,null
141,Tears For Fears,Everybody Wants To Rule The World,USA,2YiCMmONQcoMPX2bV1LxE0,null,null,null,null,null,null,null,null,null,null,null
142,Zach Bryan,Pink Skies,USA,4ZJ4vzLQekI0WntDbanNC7,null,null,null,null,null,null,null,null,null,null,null
143,"J. Cole, Miguel",Power Trip (feat. Miguel),USA,2uwnP6tZVVmTovzX5ELooy,null,null,null,null,null,null,null,null,null,null,null
144,Nirvana,Come As You Are,USA,5AEOqLsRJFAoSS4ay4Jzao,null,null,null,null,null,null,null,null,null,null,null
145,Hozier,Take Me To Church,USA,3dYD57lRAUcMHufyqn9GcI,null,null,null,null,null,null,null,null,null,null,null
146,J. Cole,Work Out,USA,2wAJTrFhCnQyNSD3oUgTZO,null,null,null,null,null,null,null,null,null,null,null
147,Miguel,Sure Thing,USA,0JXXNGljqupsJaZsgSbMZV,null,null,null,null,null,null,null,null,null,null,null
149,Brooks & Dunn,Neon Moon,USA,2M38X60UJnupGPbFTkVPNQ,null,null,null,null,null,null,null,null,null,null,null
150,Morgan Wallen,Last Night,USA,583dMdiUquLMenarTp7PQm,null,null,null,null,null,null,null,null,null,null,null
151,Baby Keem,Ca$ino,USA,3VW6HJYa5l0uzGcCRA222P,null,null,null,null,null,null,null,null,null,null,null
152,Linkin Park,Somewhere I Belong,USA,3fjmSxt0PskST13CSdBUFx,null,null,null,null,null,null,null,null,null,null,null
153,Rihanna,Breakin' Dishes,USA,5EcG8eMMlwkHRVa4aTR1qd,null,null,null,null,null,null,null,null,null,null,null
154,Frank Ocean,Novacane,USA,4osgfFTICMkcGbbigdsa53,null,null,null,null,null,null,null,null,null,null,null
155,Frank Ocean,Thinkin Bout You,USA,7DfFc7a6Rwfi3YQMRbDMau,null,null,null,null,null,null,null,null,null,null,null
156,Tory Lanez,The Color Violet,USA,3azJifCSqg9fRij2yKIbWz,null,null,null,null,null,null,null,null,null,null,null
157,"Lil Wayne, Drake, Future",Love Me,USA,2XHzzp1j4IfTNp1FTn7YFg,null,null,null,null,null,null,null,null,null,null,null
159,Linkin Park,In the End,USA,60a0Rd6pjrkxjPbaKzXjfq,null,null,null,null,null,null,null,null,null,null,null
160,TV Girl,Lovers Rock,USA,6dBUzqjtbnIa1TwYbyw5CM,null,null,null,null,null,null,null,null,null,null,null
161,Mazzy Star,Fade Into You,USA,1LzNfuep1bnAUR9skqdHCK,null,null,null,null,null,null,null,null,null,null,null
164,Hozier,Too Sweet,USA,19XpFsce28aByvCC4g89tJ,null,null,null,null,null,null,null,null,null,null,null
165,Jeff Buckley,"Lover, You Should've Come Over",USA,6Jv7kjGkhY2fT4yuBF3aTz,null,null,null,null,null,null,null,null,null,null,null
166,Julia Wolf,In My Room,USA,2Ui2JtVjnbHZuExldryCOA,null,null,null,null,null,null,null,null,null,null,null
167,Malcolm Todd,Roommates,USA,5vPUv0xziXbV4lnWeVNXNq,null,null,null,null,null,null,null,null,null,null,null
168,3 Doors Down,Kryptonite,USA,6ZOBP3NvffbU4SZcrnt1k6,null,null,null,null,null,null,null,null,null,null,null
169,Chris Stapleton,Think I'm In Love With You,USA,3Gn1zuHNLtGuGEOXwq0k7e,null,null,null,null,null,null,null,null,null,null,null
171,The Red Clay Strays,Wondering Why,USA,1HbzxLqpNVPdiBXvpC7Ovb,null,null,null,null,null,null,null,null,null,null,null
173,Justin Bieber,YUKON,USA,29iva9idM6rFCPUlu7Rhxl,null,null,null,null,null,null,null,null,null,null,null
174,Hotel Ugly,Shut up My Moms Calling,USA,3hxIUxnT27p5WcmjGUXNwx,null,null,null,null,null,null,null,null,null,null,null
175,Morgan Wallen,20 Cigarettes,USA,0YsIYFRoxkmEvbKCwTp0Tg,null,null,null,null,null,null,null,null,null,null,null
177,Red Hot Chili Peppers,Can't Stop,USA,6ojiTSzyv2qPMWqyhUKAqz,null,null,null,null,null,null,null,null,null,null,null
178,Olivia Dean,The Hardest Part,USA,3cPoiK69oQ1SdbB2j2ulGm,null,null,null,null,null,null,null,null,null,null,null
179,King Von,Took Her To The O,USA,7fEoXCZTZFosUFvFQg1BmW,null,null,null,null,null,null,null,null,null,null,null
180,TLC,No Scrubs,USA,1KGi9sZVMeszgZOWivFpxs,null,null,null,null,null,null,null,null,null,null,null
181,Rihanna,Only Girl (In The World),USA,2ENexcMEMsYk0rVJigVD3i,null,null,null,null,null,null,null,null,null,null,null
182,Don Toliver,Tiramisu,USA,2GHKo6nrSjruvBEQbzD7Fw,null,null,null,null,null,null,null,null,null,null,null
184,Hudson Westbrook,House Again,USA,1zM8S2pnIclcdTmrfFnWtX,null,null,null,null,null,null,null,null,null,null,null
185,Michael Jackson,Billie Jean,USA,7J1uxwnxfQLu4APicE5Rnj,null,null,null,null,null,null,null,null,null,null,null
186,Daniel Caesar,Superpowers,USA,736PP5LTtREkDgktNmX3Gu,null,null,null,null,null,null,null,null,null,null,null
187,"Baby Keem, Kendrick Lamar, Momo Boyd",Good Flirts (feat. Kendrick Lamar & Momo Boyd),USA,5sHeIGDbdzw8DeO57XZKIy,null,null,null,null,null,null,null,null,null,null,null
190,The Cure,Boys Don't Cry,USA,1QFh8OH1e78dGd3VyJZCAC,null,null,null,null,null,null,null,null,null,null,null
191,Tate McRae,TIT FOR TAT,USA,1dByUyyoRKL99fJJ6VCQzb,null,null,null,null,null,null,null,null,null,null,null
192,"Kendrick Lamar, Lefty Gunplay",tv off (feat. lefty gunplay),USA,0aB0v4027ukVziUGwVGYpG,null,null,null,null,null,null,null,null,null,null,null
193,"USHER, Lil Jon, Ludacris",Yeah! (feat. Lil Jon & Ludacris),USA,5rb9QrpfcKFHM1EUbSIurX,null,null,null,null,null,null,null,null,null,null,null
195,"Kendrick Lamar, Jay Rock",Money Trees,USA,2HbKqm4o0w5wEeEFXm2sD4,null,null,null,null,null,null,null,null,null,null,null
196,Prince,Purple Rain,USA,1uvyZBs4IZYRebHIB1747m,null,null,null,null,null,null,null,null,null,null,null
197,The Cranberries,Linger,USA,0gEyKnHvgkrkBM6fbeHdwK,null,null,null,null,null,null,null,null,null,null,null
199,Morgan Wallen,Whiskey Glasses,USA,57TEkZN3f84tFJFHFrD4pO,null,null,null,null,null,null,null,null,null,null,null
200,Noah Kahan,Northern Attitude,USA,4O2rRsoSPb5aN7N3tG6Y3v,null,null,null,null,null,null,null,null,null,null,null
