artist,title,region,language,spotify_uri
"Mr Plata, El Americano 4KT",Las Muñequitas,Colombia,es,4nJJCRYru4QQakCiUA155f
"ARIA VEGA, Ryan Castro",CHÉVERE (premium_remix),Colombia,es,3CBEVPwR3kUXDoTx1lqFUQ
"Ryan Castro, Kapo, Gangsta",LA VILLA,Colombia,es,2ZyrAym0sRLwt4PhGotHuI
Kris R.,GANAS,Colombia,es,4KE9Ne3hgh18B3Th4xcylg
"W Sound, Beéle, Ovy On The Drums",La Plena - W Sound 05,Colombia,en,6iOndD4OFo7GkaDypWQIou
Beéle,no tiene sentido,Colombia,es,1HEwEN64NjgTaHmo7LfkX8
"J Balvin, Ryan Castro, DJ Snake",Tonto,Colombia,es,7mU1fei7P9h4mpjP2Otdw5
Beéle,quédate,Colombia,es,6VfL3MEuYeJbDlD8m011HR
Grupo Firme,El Beneficio De La Duda,Colombia,es,5yXt80BNZGbmHFd0NHZHNn
"Yeison Jimenez, Luis Alfonso",Destino Final,Colombia,es,2E4TYekUduml1DWIqQWNcj
"Blessd, Los Money Makers, Prodmonja",NUEVA YORK,Colombia,es,5U3sC7aA5NxoMSeI1kmO2n
Blessd,YOGURCITO,Colombia,es,6rZno3nqeT7hv2PnSWRuYS
"Beéle, Ovy On The Drums",mi refe,Colombia,es,4zhk2RS2EZODmBW6il55Qj
Bad Bunny,BAILE INoLVIDABLE,Colombia,es,2lTm559tuIvatlT1u0JYG2
"Omar Courtz, Ñengo Flow",FOREVER TU GANTEL,Colombia,es,1YAWMfsmduIrpqrjP45pFn
"Blessd, Ovy On The Drums",AMISTA,Colombia,es,1kJyDcBrZ7rSKnFtKc82vm
"Blessd, Anuel AA, Yan Block, Luar La L, Kris R., ROA","YOGURCITO REMIX (feat. Kris R., ROA)",Colombia,he,7nrd0eIftH3NQLfgk20Qp9
Yeison Jimenez,Por Qué la Envidia,Colombia,es,433eYQkvCgJKXh1o7LtplV
"Fuerza Regida, Grupo Frontera",COQUETA,Colombia,es,1PREzVLuDT6PSE9sej4wnV
"Blessd, Ovy On The Drums","""EMHDM""",Colombia,es,5NbIHx26LyFkW2oSNSCYBV
"Ryan Castro, Dongo",SANKA,Colombia,es,46ufabZP6oK3ixmN6Gd753
Bad Bunny,DtMF,Colombia,es,3sK8wGT43QFpWrvNQsrQya
"Kapo, Ryan Castro",DÓNDE,Colombia,es,4zqFA9MOG86u7uugR8QFDU
"J Balvin, Bad Bunny",LA CANCIÓN,Colombia,es,0fea68AdmYNygeTGI4RC18
Omar Courtz,POR SI MAÑANA NO ESTOY,Colombia,es,595wwjQiad6e6lSTScmXvz
Arcángel,Por Amar A Ciegas,Colombia,es,2BrfJdTXohQRtWBKsBTIp0
Kapo,UWAIE,Colombia,es,0fMjldiEpgjbWQ4bBQwVzH
Yeison Jimenez,Vete,Colombia,es,6cZcn282SIMmuO8FHN8634
Lenin Ramírez,Todo Lo Fue,Colombia,es,0Sa8aRfGckW0qUGLrBwoBG
Bad Bunny,EoO,Colombia,es,6J5kc12BW5HuP3d7C3vvx8
ARIA VEGA,CHÉVERE (joesón_type_beat),Colombia,es,5OQCghydcEeA76eGdJ6GEa
"Nanpa Básico, Beéle",Hasta Aquí Llegué,Colombia,es,0Qe2g06yzLBuuSvVmFiweP
"Ovy On The Drums, Quevedo, Beéle",YO y TÚ,Colombia,es,7koAf6aZgjO6TS7bipfPD0
"Kybba, Sean Paul, Ryan Castro, Busy Signal",Ba Ba Bad Remix,Colombia,es,0lMafSfME2iJEE972bsQaK
"Héctor ""El Father"", Wisin & Yandel",El Teléfono,Colombia,es,614NVFo5csQqRnryl4jXs2
Herencia De Grandes,Ya Borracho,Colombia,es,4NyUIohBa3CEMGcXURYSOh
"Yeison Jimenez, Chayín Rubio",El Mejor - Remix,Colombia,unknown,1xRRW5ZrL7I9EG8CGZrXHE
Bad Bunny,NO ME QUIERO CASAR,Colombia,es,39L3LdlHS3gqB62HPWaJRg
Beéle,top diesel,Colombia,es,2QP041AcWg8PwPIWP95RKN
"Bad Bunny, Omar Courtz, Dei V",VeLDÁ,Colombia,en,7d6yK8v8J484SWH5prIQiE
"Luister La Voz, maikol el insoportable",Ozono,Colombia,unknown,4acvrfbXrDPFQNNDnFZnpC
Yeison Jimenez,Un Perro Enamorado,Colombia,es,3kcr3teEgyTOVIAxMPOPeO
Arcángel,Pa' Que La Pases Bien,Colombia,es,1pLCpA1RN8avJxSD3ZCwhj
"El Bogueto, Yung Beef",Cuando No Era Cantante,Colombia,es,6N2iccqxRInhTLHc2Fu3W0
"Bad Bunny, Ozuna, Farruko, Arcángel, Ñengo Flow, DJ Luian, Mambo Kingz",Diles,Colombia,es,6C1RD7YQVvt3YQj0CmuTeu
Bad Bunny,VOY A LLeVARTE PA PR,Colombia,es,59D4DOkspUbWyMmbAPQkxZ
Arcángel,Hace Mucho Tiempo,Colombia,es,0a6ogDrZBvYgDjILgsQVaJ
"Feid, ATL Jacob",LUNA,Colombia,en,7bywjHOc0wSjGGbj04XbVi
"El Bogueto, Anuel AA, Fuerza Regida, Yung Beef",Cuando No Era Cantante - Remix,Colombia,unknown,2pbSCYzxrG0wa6qcj8IyiE
Kris R.,MIL D AURA,Colombia,es,0LvxvoeJmdhkxRIC4orlJ3
"Blessd, Fuerza Regida, Ovy On The Drums",COMO OREO,Colombia,es,7sRXb5IgYWwVv1DaavHSNs
Plan B,Es un Secreto,Colombia,es,3KZCP2StVGdWkOKyRZNWA4
Yeison Jimenez,MLP,Colombia,es,4DAMvNqHt0s8zJr6JwOoye
"Blessd, Los Money Makers, Prodmonja",URUS BLUE,Colombia,es,4sTnItbNUAcS5KDG6vTA5B
"Maluma, Trap Capos, Noriel, Bryant Myers, Juhn","Cuatro Babys (feat. Trap Capos, Noriel, Bryant Myers & Juhn)",Colombia,es,0JoHqmlqE0W0i9prt6kcHR
"Danny Ocean, Kapo",Imagínate,Colombia,es,7ns16ylM6sbxo9ZWIwyE5d
"Bryant Myers, Anuel AA, Anonimus, Almighty",Esclava - Remix,Colombia,es,2Mgur7BKnpr7OG3izSNFTA
"CARABIN3, SVNTI",MUSA,Colombia,es,0QuHK1VvIZ1Kt2GfqRrdVo
Arcángel,Me Prefieres A Mi,Colombia,es,3GhmL9fuM8jwGcHCFbeo3v
"Blessd, GeezyDee",DIOMEDEZ,Colombia,es,6qDTm2QbRSLlSmaUSJE6bF
Bad Bunny,NUEVAYoL,Colombia,es,5TFD2bmFKGhoCRbX61nXY5
"Kris R., ROA",PASIÓN Y SEXO,Colombia,es,4pjkZyNZnOJEPpBmzOqTC2
Kapo,NO CRY,Colombia,es,4YM3IYESNKXWYHbPXvMMVD
Rels B,TU VAS SIN (fav),Colombia,es,6uiQ0DqbXTBc8tl0AUKZkR
"Blessd, J Alvarez",FANÁTICO,Colombia,es,0e3d2UZRjtvviXWWMRYGQo
"Blessd, Ovy On The Drums",Mírame,Colombia,es,2btNsI4OvcVl7SAHQQDHFB
Ñengo Flow,En Las Noches Frias,Colombia,es,0a0JiZejbYYem1W31fldde
"Tony Dize, Plan B",Solos,Colombia,es,3CbiuLMBPM6uV4a7HvkOib
"KAROL G, Feid",Verano Rosa,Colombia,es,0nafF9MxcXJBQWv3BTKtdF
Danny Ocean,Me Rehúso,Colombia,es,6ifUES3keWjwXgae8pXI3o
"Yan Block, Panda Black",444,Colombia,es,1o4xkdBe0RjSf2u6VXi4OI
"W Sound, Blessd, Ovy On The Drums",Soltera - W Sound 01,Colombia,en,13BDiikG6y5o5cQTK0HpW6
Willie Colón,Idilio,Colombia,es,5iwgEFKEktjBBZV3C9TTZj
"Yan Block, Panda Black",Talento,Colombia,es,7sChwC2NZjGc2Kdni3hlDg
"Rauw Alejandro, Bad Bunny",Qué Pasaría...,Colombia,es,0l0vcZMU7AOeQmUIREoI2U
"Boza, ELENA ROSE",orióN,Colombia,en,4feh4Ak3ZJfC6ibxkNzlkE
Luis Alberto Posada,Mal Amor,Colombia,es,1j4XwpoLvqdkWllikDu7Rm
Arcángel,Ganas De Ti,Colombia,es,71w26UK674tLfGtJFfDSjE
Romeo Santos,Imitadora,Colombia,es,6r46lnXFbE9fr2d3KNaGbe
Maluma,Borro Cassette,Colombia,es,6DUdDIRgLqCGq1DwkNWQTN
"Yan Block, TORRRES",Yo sé,Colombia,es,5DdLSEyKh8zgCrJq2hFj92
"El Americano 4KT, Kobby",The Flow's Son Black!,Colombia,es,6uLcqYE347zlvXD6rhiM4J
Dalmata,Dile a Tu Amiga,Colombia,es,3u2jlo9kygiIAq7SPVuw6S
"Kris R., GeezyDee, Prodmonja",BOBADITA,Colombia,unknown,52IeC2QBiJqk9jAR5gbe14
"Omar Courtz, ROA",WO OH OH,Colombia,es,0h54mLixODOqU6vTcZMqVM
Yeison Jimenez,Ya No Mi Amor,Colombia,es,7qbPQqOYYMPdQqRqv7bNin
Omar Courtz,SI ESTÁS CON ALGUIEN,Colombia,es,7nyk5uxevcijIfl1FlJgmA
"Alzate, Yeison Jimenez",Mi Venganza,Colombia,es,3f4AsGGYt94t7g1lHcsa8D
"Arcángel, Bad Bunny, Mambo Kingz, DJ Luian",Tu No Vive Asi (feat. Mambo Kingz & DJ Luian),Colombia,es,6NSMQFKgjpQb0KkjMDYIK0
"TURY, CARABIN3",CHUCHA,Colombia,es,01dFxiEOMTTzim5J3kytjA
Bad Bunny,KLOuFRENS,Colombia,es,4MUrUT38U98olfnyzMBCzm
"KAROL G, Feid, DFZM, Ovy On The Drums, J Balvin, Maluma, Ryan Castro, Blessd",+57,Colombia,en,3mg9jYNC1NihbthlglzrWP
Yeison Jimenez,El Mejor Caballo,Colombia,es,4Udf3NPZZVggwmVXHcjuqA
"Yeison Maje, Ciro Quiñonez, Luis Alfonso, Yeison Jimenez",El Embustero RMX,Colombia,unknown,72q1JMsCJbKNbWgzipGi6x
Milo j,Niño,Colombia,es,4aDbrgm1ZaebS1Bb2dOXac
"Yan Block, De La Rose, Hades66, Ñengo Flow",444 - Remix,Colombia,unknown,5AK6QqM8aUXXTk6oY00ZRh
"La Combinación Vallenata, Jean Carlos Centeno",Ayer Y Hoy,Colombia,unknown,5HCk7iruzhQ1FbxyS3igmM
Omar Courtz,KOKO,Colombia,es,1tz7RZirwiuaJw2p0jbdHb
Kapo,OHNANA,Colombia,es,482PEx8hfMHSsuGtHd960A
"Tony Dize, Yandel",Permítame,Colombia,es,6OaGIYcVzx5c7aEKkuYS1M
Bad Bunny,DtMF,Global,es,3sK8wGT43QFpWrvNQsrQya
"PinkPantheress, Zara Larsson",Stateside + Zara Larsson,Global,en,1DwscornXpj8fmOmYVlqZt
Bruno Mars,Risk It All,Global,en,5y2ijHECwFYWqcAHKTZgzD
Djo,End of Beginning,Global,en,3qhlB30KknSejmIvZZLjOD
Olivia Dean,Man I Need,Global,en,1qbmS6ep2hbBRaEZFpn7BX
Taylor Swift,The Fate of Ophelia,Global,en,53iuhJlwXhSER5J2IYYv1W
Olivia Dean,So Easy (To Fall In Love),Global,en,6sGIMrtIzQjdzNndVxe397
Bad Bunny,BAILE INoLVIDABLE,Global,es,2lTm559tuIvatlT1u0JYG2
Bruno Mars,I Just Might,Global,en,6f68Ac5tt5BQOpwr0BV9oN
Bad Bunny,NUEVAYoL,Global,es,5TFD2bmFKGhoCRbX61nXY5
sombr,back to friends,Global,en,7qjZnBKE73H4Oxkopwulqe
Dominic Fike,Babydoll,Global,en,7yNf9YjeO5JXUE3JEBgnYc
RAYE,WHERE IS MY HUSBAND!,Global,en,55lijDD6OAjLFFUHU9tcDm
"Dave, Tems",Raindance (feat. Tems),Global,pt,3oTuTpF1F3A7rEC6RKsMRz
Bad Bunny,Tití Me Preguntó,Global,es,1IHWl5LamUGEuP4ozKQSXZ
Zara Larsson,Lush Life,Global,en,1rIKgCH4H52lrvDcz50hS8
Alex Warren,Ordinary,Global,en,2RkZ5LkEzeHGRsmDqKwmaJ
"HUNTR/X, EJAE, AUDREY NUNA, REI AMI, KPop Demon Hunters Cast",Golden,Global,en,1CPZ5BxNNd0n0nF4Orb9JS
Bad Bunny,EoO,Global,es,6J5kc12BW5HuP3d7C3vvx8
"Lady Gaga, Bruno Mars",Die With A Smile,Global,en,7so0lgd0zP2Sbgs2d7a1SZ
Alex Warren,FEVER DREAM,Global,en,7ogpGbKc4Io6NCU6ydxXwZ
SIENNA SPIRO,Die On This Hill,Global,en,2gYTC8DsplN3RNdpdBcCOQ
BLACKPINK,GO,Global,en,3FZPp9lBUvhsxFxKJi3VkB
The Goo Goo Dolls,Iris,Global,en,6Qyc6fS4DsZjB2mRW9DsQs
sombr,Homewrecker,Global,en,7tICCrK3CcyRFKza7yrR0z
Billie Eilish,BIRDS OF A FEATHER,Global,en,6dOtVTDdiauQNBQEDOtlAB
The Police,Every Breath You Take,Global,en,1JSTJqkT5qHq8MDJnJbRE1
Ravyn Lenae,Love Me Not,Global,en,4WFgvKVfEhb3IUAFGrutTR
She & Him,I Thought I Saw Your Face Today,Global,en,0myRViRgmQ3J8izICXEAVO
Sabrina Carpenter,Manchild,Global,en,2BwO5K8Q7EPAJSGze3AAh9
Bad Bunny,VOY A LLeVARTE PA PR,Global,es,59D4DOkspUbWyMmbAPQkxZ
sombr,12 to 12,Global,en,05od2qm2MTSKCHxy1GBp5W
Gigi Perez,Sailor Song,Global,en,21IYMdzTrzSe191Cy5eMap
Taylor Swift,Opalite,Global,en,3yWuTOYDztXjZxdE2cIRUa
Bella Kay,iloveitiloveitiloveit,Global,en,5IMpnpD0tQVcqWlVIgtAtV
The Neighbourhood,Sweater Weather,Global,en,0cQVqPuHQP4KEwc7ZUQmj6
Billie Eilish,WILDFLOWER,Global,en,3QaPy1KgI7nu9FJEQUgn6h
Radiohead,Creep,Global,en,70LcF31zb1H0PyJoS1Sx1r
Bruno Mars,That's What I Like,Global,en,0KKkJNfGyhkQ5aFogxQAPU
"J Balvin, Bad Bunny",LA CANCIÓN,Global,es,0fea68AdmYNygeTGI4RC18
"Disco Lines, Tinashe",No Broke Boys,Global,en,3cZajhyr8LmtPfHZ9296tj
"Drake, Wizkid, Kyla",One Dance,Global,tr,1zi7xx7UVEFkmKfv06H8x0
Benson Boone,Beautiful Things,Global,en,3xkHsmpQCBMytMJNiDf3Ii
Ella Langley,Choosin' Texas,Global,en,65DbTqJKhbwqYbZ1Okr0rc
"El Bogueto, Anuel AA, Fuerza Regida, Yung Beef",Cuando No Era Cantante - Remix,Global,unknown,2pbSCYzxrG0wa6qcj8IyiE
Bruno Mars,Cha Cha Cha,Global,en,6QletrrmpkUpeJkipX9pgf
Don Toliver,E85,Global,en,3B4cjvGlPvyBLNG3AzEgkZ
Bruno Mars,Locked out of Heaven,Global,en,5g7sDjBhZ4I3gcFIpkrLuI
Jin,Don’t Say You Love Me,Global,en,27xkOIER6uDLKALIelHylZ
Arctic Monkeys,I Wanna Be Yours,Global,en,5XeFesFbtLpXzIVDNQP22n
The Killers,Mr. Brightside,Global,en,003vvx7Niy0yvhvHt4a68B
"Sean Paul, Keyshia Cole",(When You Gonna) Give It Up to Me - Radio Version,Global,en,5nEdwtSv0qqeE0l4o1lR4q
"The Weeknd, JENNIE, Lily-Rose Depp","One Of The Girls (with JENNIE, Lily Rose Depp)",Global,en,7CyPwkp0oE8Ro9Dd5CUDjW
Coldplay,Yellow,Global,en,3AJwUDP919kvQ9QcozQPxg
Bruno Mars,God Was Showing Off,Global,en,1sVBT215CDmVJvfy1E2OCU
"Rauw Alejandro, Bad Bunny",Qué Pasaría...,Global,es,0l0vcZMU7AOeQmUIREoI2U
"El Bogueto, Yung Beef",Cuando No Era Cantante,Global,es,6N2iccqxRInhTLHc2Fu3W0
Sabrina Carpenter,Espresso,Global,en,2HRqTpkrJO5ggZyyK6NPWz
KATSEYE,Gabriela,Global,en,1xOqGUkyxGQRdCvGpvWKmL
Fleetwood Mac,Dreams - 2004 Remaster,Global,it,0ofHAoxe9vBkTCp2UQIavz
Jimin,Who,Global,en,7tI8dRuH2Yc6RuoTjxo4dU
"Peso Pluma, Tito Double P",dopamina,Global,es,3e32UUqXzrI4g2y5kNZrwC
BLACKPINK,JUMP,Global,en,5H1sKFMzDeMtXwND3V6hRY
"The Weeknd, Daft Punk",Starboy,Global,tr,7MXVkk9YMctZqd1Srtv4MB
Coldplay,Sparks,Global,en,7D0RhFcb3CrfPuTJ0obrod
"Ryan Castro, Kapo, Gangsta",LA VILLA,Global,es,2ZyrAym0sRLwt4PhGotHuI
Harry Styles,As It Was,Global,en,4Dvkj6JhhA12EX05fT7y2e
"ROSÉ, Bruno Mars",APT.,Global,en,4wJ5Qq0jBN4ajy7ouZIV1c
Dominic Fike,White Keys,Global,en,5ViLKrbyL3HD6wsq3AB9eI
"Bad Bunny, Omar Courtz, Dei V",VeLDÁ,Global,en,7d6yK8v8J484SWH5prIQiE
Teddy Swims,Lose Control,Global,en,17phhZDn6oGtzMe56NuWvj
"Gorillaz, De La Soul",Feel Good Inc.,Global,en,0d28khcov6AiegSCpG5TuT
"Kendrick Lamar, SZA","All The Stars (with SZA) - From ""Black Panther: The Album""",Global,en,3GCdLUSnKSMJhs4Tj6CV3s
Vance Joy,Riptide,Global,en,2uXlHCUbq9OMUwx3hrk06o
Arctic Monkeys,505,Global,en,58ge6dfP91o9oXMzq3XkIS
Daniel Caesar,Who Knows,Global,en,6DH13QYXK7lKkYHSU88N48
sombr,undressed,Global,en,0TFTAtCYhp2tQ9KcJIZb55
Bruno Mars,Why You Wanna Fight?,Global,en,3Ac4AjYkqsvop2ydbSAhTX
Addison Rae,Fame is a Gun,Global,en,7B3BwNecBhKvNwSMOOl7Gk
Herencia De Grandes,Ya Borracho,Global,es,4NyUIohBa3CEMGcXURYSOh
Linkin Park,In the End,Global,en,60a0Rd6pjrkxjPbaKzXjfq
"Jung Kook, Latto",Seven (feat. Latto) (Explicit Ver.),Global,ru,2HRgqmZQC0MC7GeNuDIXHN
Bruno Mars,Dance With Me,Global,en,1myZ6GQewhAzMH2dKtKSWK
Michael Jackson,Billie Jean,Global,en,7J1uxwnxfQLu4APicE5Rnj
Nadhif Basalamah,kota ini tak sama tanpamu,Global,id,13CwOTXUgBugeBByE9oIWb
Lord Huron,The Night We Met,Global,en,5yJaXWIErrrsjQ3J0eR5aK
"Peso Pluma, Tito Double P",daño,Global,es,136BeIIoBGrrU9fI1jbcDR
Bruno Mars,Just the Way You Are,Global,en,7BqBn9nzAq8spo5e7cZ0dJ
Neton Vega,Pvta Luna,Global,es,33MeEaRCeIQMSRyFTr5ZJU
Gracie Abrams,That’s So True,Global,en,7ne4VBA60CxGM75vw0EYad
"W Sound, Beéle, Ovy On The Drums",La Plena - W Sound 05,Global,en,6iOndD4OFo7GkaDypWQIou
The Marías,No One Noticed,Global,en,3siwsiaEoU4Kuuc9WKMUy5
BLACKPINK,Champion,Global,en,43BJVWcBzHRIDaQCg7abnX
"Peso Pluma, Tito Double P",7-3,Global,es,4lzo6zPM2paqyP8oBp3DOs
Don Toliver,Body,Global,en,0FlcmZ13DGRmscCroro9GO
Lenin Ramírez,Todo Lo Fue,Global,es,0Sa8aRfGckW0qUGLrBwoBG
"The Weeknd, Playboi Carti",Timeless (feat Playboi Carti),Global,tr,0FIDCNYYjNvPVimz5icugS
Coldplay,Viva La Vida,Global,en,1mea3bSkSGXuIRvnydlB5b
Lil Uzi Vert,What You Saying,Global,en,7cjoZVmWe2xsGR4wcXiV2v
Bruno Mars,On My Soul,Global,en,4i4BVY2JiH4mDSLIBdNGKD
"V, Park Hyo Shin",Winter Ahead (with PARK HYO SHIN),Taiwan,en,7G7mSV4BebkoHWwKTDvXu9
BLACKPINK,GO,Taiwan,en,3FZPp9lBUvhsxFxKJi3VkB
Jin,Don’t Say You Love Me,Taiwan,en,27xkOIER6uDLKALIelHylZ
A-Lin,幸福在歌唱 - 電影《陽光女子合唱團》幸福版主題曲,Taiwan,unknown,3VHi5bCUek6XdiDmqqrirs
Jimin,Who,Taiwan,en,7tI8dRuH2Yc6RuoTjxo4dU
Crowd Lu,太陽與地球,Taiwan,zh,0bQSWXtpau3VkNI1ZcXTQA
Pei-Yu Hung,再見的時候 - 電影〈陽光女子合唱團〉主題曲-再見版,Taiwan,unknown,3IBYp3fKyydZ5dDtirLY6P
Hearts2Hearts,RUDE!,Taiwan,en,0WA27lZzPKFJKAbiDRmQDc
IVE,BANG BANG,Taiwan,ko,7pBE8YpFoZ9ankC2Ci5z9X
BLACKPINK,Champion,Taiwan,en,43BJVWcBzHRIDaQCg7abnX
Khalil Fong,特別的人,Taiwan,zh,0VTzUEuHYD8s7CgQ15cDPo
BLACKPINK,JUMP,Taiwan,en,5H1sKFMzDeMtXwND3V6hRY
V,Slow Dancing,Taiwan,ko,5h1BN75CEh8wdSwE1xrbSe
Patrick Brasca,單程票,Taiwan,unknown,3woBOD3Ldh81fAwpsnD8yC
"Top Barry, INDEcompany",一半一半,Taiwan,zh,21x0N6lu6D9kO8rVtTU3mH
V,Love Me Again,Taiwan,ko,2N0SPREDYqILVEFSsWF5N5
HWASA,Good Goodbye,Taiwan,ko,3cLXrotzCjYCkN73PewALM
"HUNTR/X, EJAE, AUDREY NUNA, REI AMI, KPop Demon Hunters Cast",Golden,Taiwan,en,1CPZ5BxNNd0n0nF4Orb9JS
Evangeline Wong,離開我的依賴,Taiwan,unknown,23WLgtD54AeluEPRr5muHo
BLACKPINK,Fxxxboy,Taiwan,en,7m0duH1vdTNxM2g8BLfR0F
IVE,BLACKHOLE,Taiwan,ko,2ytQFMxdreEFPPZTtyDdqM
黃奇斌,若無你我欲去佗位,Taiwan,zh,76EfpqmO6JUL2TTR1SIGwz
"Patrick Brasca, mac ova seas",左轉燈 (1000 Times+1),Taiwan,zh,4UwZyC0wEV6XDEAr9kaQhi
Jay Chou,擱淺,Taiwan,zh,0cOMncRq4cmDLO4tPQnkBF
BLACKPINK,Me and my,Taiwan,en,5MXcM263QvCTWriH3nVusc
KiiiKiii,404 (New Era),Taiwan,ko,24rDDbSlFY9OHrlJb48CRh
Bestards,離開的一路上,Taiwan,zh,1NoDTQhJsrd5rnpb6PQthK
Crowd Lu,一夜一夜一夜,Taiwan,zh,3wofqqt5YJWdhLI9IFaX39
JENNIE,like JENNIE,Taiwan,en,0fK7ie6XwGxQTIkpFoWkd1
Crowd Lu,幾分之幾 - 電影<花甲大人轉男孩>主題曲,Taiwan,unknown,4F7ZAsndEIJXyFzJUHNlRu
"i-dle, skaiwater",Mono (feat. skaiwater),Taiwan,ru,3VxmXJ4FdtbWI27p3Gx4Wh
EggPlantEgg,閣愛妳一擺,Taiwan,zh,4Zwn8WxD61diTwqv9hyTQA
Stefanie Sun,遇見,Taiwan,zh,3xJK8ywApYVEYIDhymYMC6
CORTIS,GO!,Taiwan,ko,6OWWZtNQORY1McaZmOrwhc
Stefanie Sun,我懷念的,Taiwan,zh,7z2M7DsEjZjwXBkWG3zd21
ROSÉ,toxic till the end,Taiwan,en,1z5ebC9238uGoBgzYyvGpQ
BABYMONSTER,PSYCHO,Taiwan,ko,491ca80N1C63tpoLvAsLKb
Khalil Fong,愛愛愛,Taiwan,zh,59lBAMCis4C6NsPdUV35Vz
"LE SSERAFIM, j-hope",SPAGHETTI,Taiwan,en,2N9miXnewVmUrgl6JSK1FI
"Patrick Brasca, 陳華",你沒等我去的舊金山,Taiwan,unknown,1aNVW0fujBVx7JTorTO1jn
Bestards,不是因為天氣晴朗才愛你,Taiwan,zh,2VEt42QSQxILgEf9B50xxm
aespa,Whiplash,Taiwan,en,7Cnpb1vBbC46RgVyyKLH7p
Amazing Show,愛情的大壞蛋,Taiwan,zh,5HVq8nS0pbM6G7YK8M7DY4
Jay Chou,晴天,Taiwan,zh,5pIcwtJYNJx93l420oR2Vm
A-Mei Chang,連名帶姓,Taiwan,unknown,3LlQoKvVnkVvq3KC8anUn8
陳粒,小半,Taiwan,unknown,3QxWTqyIT4O9bokIZlNDpo
BABYMONSTER,WE GO UP,Taiwan,en,1tonXoW6dcb7GGNpec3PTl
"Jay Chou, Lara Liang",珊瑚海,Taiwan,vi,3Qj9Fy8BPbWmICTiNkuqB7
Pets Tseng,一個人想著一個人,Taiwan,unknown,3n3zzFH7zzO0gJNaw4RKSm
ILLIT,NOT CUTE ANYMORE,Taiwan,ko,1k0JAiH11gHL9dc5dfQjQr
张远,看着我的眼睛说,Taiwan,zh,7d6eShN6yVeR4Y2Md9uCA4
Stefanie Sun,開始懂了,Taiwan,zh,68tZwwRuo9ip5gRQFG1XWF
David Tao,愛我還是他,Taiwan,unknown,13bw75oRjvxMv9VGIeM32i
LBI利比,Jumping Machine (跳楼机),Taiwan,zh,1XZE0InCx3SdCnLpVsPpZl
Bruno Mars,Risk It All,Taiwan,en,5y2ijHECwFYWqcAHKTZgzD
JOLIN,布拉格廣場 - JOLIN Version/ 星宇航空布拉格開航主題曲,Taiwan,unknown,0HnESxAFR5lTHioAlI7wo3
EggPlantEgg,浪流連,Taiwan,zh,1IS0WFyiVpwsATeSzjEvpI
Sam Lee,痴心絕對,Taiwan,unknown,0D0n4q2o54VTOmDJdL6ikY
Djo,End of Beginning,Taiwan,en,3qhlB30KknSejmIvZZLjOD
"PinkPantheress, Zara Larsson",Stateside + Zara Larsson,Taiwan,en,1DwscornXpj8fmOmYVlqZt
EggPlantEgg,愛情你比我想的閣較偉大 (《當男人戀愛時》電影主題曲),Taiwan,unknown,6m2I6ZyWRkxjBrrLVQILfl
"Firdhaus, DIOR 大穎",在加納共和國離婚,Taiwan,zh,6GyUt7yJ0sOktc5HjvVnFh
icyball 冰球樂團,不在乎,Taiwan,unknown,1t2mpO9GpLjRHDDX6SFWRn
Jay Chou,楓,Taiwan,gd,1pALOIA4ytESmhl7Fxjdic
"马也_Crabbit, Cole先生",海屿你,Taiwan,unknown,6UO9nrihAk6sFGvVHDVTz8
艾薇 Ivy,天使借的溫柔,Taiwan,unknown,3ITUmRLMjxf3ZqCPSDD2gk
Taylor Swift,The Fate of Ophelia,Taiwan,en,53iuhJlwXhSER5J2IYYv1W
LNGSHOT,Moonwalkin',Taiwan,ko,46V2ciN6F5bxjQWityNhkY
"ROSÉ, Bruno Mars",APT.,Taiwan,en,4wJ5Qq0jBN4ajy7ouZIV1c
G.E.M.,多遠都要在一起,Taiwan,zh,55d0jw269HE9pbOt5ntCo8
Joker Xue,演员,Taiwan,zh,5Sib99jpYybZAicUMETb3h
张远,嘉賓,Taiwan,zh,5jAmIkIpskwu2hRz2YaEHi
CORTIS,FaSHioN,Taiwan,ko,4ecdsGz3Hg6TKPwQ0ZOdJz
Taylor Swift,Opalite,Taiwan,en,3yWuTOYDztXjZxdE2cIRUa
A-Mei Chang,人質,Taiwan,unknown,6OAUhxFZzaRHHC8XiuIkvb
sombr,back to friends,Taiwan,en,7qjZnBKE73H4Oxkopwulqe
BABYMONSTER,DRIP,Taiwan,en,1MUZitHRpmng5NevrvNx4T
Richael Liu,两三句,Taiwan,unknown,0BkBM5rY934yzHViRhd8Em
Olivia Dean,So Easy (To Fall In Love),Taiwan,en,6sGIMrtIzQjdzNndVxe397
"Jay Chou, A-Mei Chang",不該,Taiwan,unknown,5miH0BWhRVTvHAwmnoeyXH
Sam Lee,手放開,Taiwan,en,2Dd9EXYXI2NNrLG61OtWQv
Kenshi Yonezu,IRIS OUT,Taiwan,ja,59hVbgr8rfYkDbHfr8RcGI
CORTIS,"Mention Me - From The Movie ""GOAT""",Taiwan,en,3f0OEJd7mlPNhmH3fUOrqy
F.I.R.,月牙灣,Taiwan,zh,1b5IRT3iraxjHOsKZx93sW
"Lady Gaga, Bruno Mars",Die With A Smile,Taiwan,en,7so0lgd0zP2Sbgs2d7a1SZ
ILLIT,Magnetic,Taiwan,ko,1aKvZDoLGkNMxoRYgkckZG
PIZZALI,做我的初戀,Taiwan,unknown,4flk8ZgDFry6o2t0SdKsnB
ROSÉ,number one girl,Taiwan,en,1lcBt7LoEikqYmhUoa2cez
A-Lin,給我一個理由忘記,Taiwan,unknown,2DcmVSLAg0ZzfOQxDshZHY
David Tao,就是愛妳,Taiwan,en,73eCSQ1DxQbaOnzy8PhKx3
Joker Xue,其实,Taiwan,zh,6Mmdzst5fLkrKjhdkGhLpe
DIOR 大穎,人的這一生,Taiwan,unknown,2Jox8DFhnUpJZJWLsVAsAR
Hearts2Hearts,FOCUS,Taiwan,en,6jYiHr12NVKLzn0X7K8aSK
Silence Wang,像晴天像雨天（电视剧《难哄》心动曲）,Taiwan,unknown,1zFuSla4RQ5qAJwDIQYixW
Amazing Show,偷偷愛,Taiwan,zh,0L7R4dmkwk46DEZgqx1fF7
"Disney, Shakira",Zoo,Taiwan,en,3vJIaiTIHxHhYafTSPNiH4
Fish Leong,慢冷,Taiwan,zh,3NNDJfWMGHuNpvHWTImmlW
WeiBird,"如果可以 - 電影""月老""主題曲",Taiwan,unknown,72OVnXDzugvrCU25lMi9au
Ronghao Li,"不將就 (電影""何以笙簫默""片尾曲)",Taiwan,unknown,5DH8nF7aWoXXg5Sm3gjCWD
aespa,Rich Man,Taiwan,en,1sUjTLLCJzcxC15GUBrOlg
Bruno Mars,Risk It All,USA,en,5y2ijHECwFYWqcAHKTZgzD
"PinkPantheress, Zara Larsson",Stateside + Zara Larsson,USA,en,1DwscornXpj8fmOmYVlqZt
Ella Langley,Choosin' Texas,USA,en,65DbTqJKhbwqYbZ1Okr0rc
Bruno Mars,I Just Might,USA,en,6f68Ac5tt5BQOpwr0BV9oN
Bad Bunny,DtMF,USA,es,3sK8wGT43QFpWrvNQsrQya
Olivia Dean,Man I Need,USA,en,1qbmS6ep2hbBRaEZFpn7BX
Dominic Fike,Babydoll,USA,en,7yNf9YjeO5JXUE3JEBgnYc
Don Toliver,E85,USA,en,3B4cjvGlPvyBLNG3AzEgkZ
Olivia Dean,So Easy (To Fall In Love),USA,en,6sGIMrtIzQjdzNndVxe397
Bad Bunny,BAILE INoLVIDABLE,USA,es,2lTm559tuIvatlT1u0JYG2
Bad Bunny,Tití Me Preguntó,USA,es,1IHWl5LamUGEuP4ozKQSXZ
Bad Bunny,NUEVAYoL,USA,es,5TFD2bmFKGhoCRbX61nXY5
Bruno Mars,Cha Cha Cha,USA,en,6QletrrmpkUpeJkipX9pgf
Djo,End of Beginning,USA,en,3qhlB30KknSejmIvZZLjOD
Don Toliver,Body,USA,en,0FlcmZ13DGRmscCroro9GO
Bruno Mars,God Was Showing Off,USA,en,1sVBT215CDmVJvfy1E2OCU
Alex Warren,FEVER DREAM,USA,en,7ogpGbKc4Io6NCU6ydxXwZ
Alex Warren,Ordinary,USA,en,2RkZ5LkEzeHGRsmDqKwmaJ
Bad Bunny,EoO,USA,es,6J5kc12BW5HuP3d7C3vvx8
Bella Kay,iloveitiloveitiloveit,USA,en,5IMpnpD0tQVcqWlVIgtAtV
The Killers,Mr. Brightside,USA,en,003vvx7Niy0yvhvHt4a68B
sombr,Homewrecker,USA,en,7tICCrK3CcyRFKza7yrR0z
sombr,back to friends,USA,en,7qjZnBKE73H4Oxkopwulqe
"HUNTR/X, EJAE, AUDREY NUNA, REI AMI, KPop Demon Hunters Cast",Golden,USA,en,1CPZ5BxNNd0n0nF4Orb9JS
Taylor Swift,The Fate of Ophelia,USA,en,53iuhJlwXhSER5J2IYYv1W
Fleetwood Mac,Dreams - 2004 Remaster,USA,it,0ofHAoxe9vBkTCp2UQIavz
Bruno Mars,Why You Wanna Fight?,USA,en,3Ac4AjYkqsvop2ydbSAhTX
Ella Langley,Be Her,USA,en,05CjWFAcAlY6O9po6Qwakk
Ella Langley,weren't for the wind,USA,en,2A22iI0x4EYAVXNpKPhNEM
Bruno Mars,Dance With Me,USA,en,1myZ6GQewhAzMH2dKtKSWK
Luke Combs,Be By You,USA,en,7aLndReanHBzpTGE5Am9H8
Morgan Wallen,I Got Better,USA,en,4gfrYDtaRmp6HPvN80V2ob
RAYE,WHERE IS MY HUSBAND!,USA,en,55lijDD6OAjLFFUHU9tcDm
Bruno Mars,On My Soul,USA,en,4i4BVY2JiH4mDSLIBdNGKD
Radiohead,Creep,USA,en,70LcF31zb1H0PyJoS1Sx1r
The Goo Goo Dolls,Iris,USA,en,6Qyc6fS4DsZjB2mRW9DsQs
Lil Uzi Vert,What You Saying,USA,en,7cjoZVmWe2xsGR4wcXiV2v
SIENNA SPIRO,Die On This Hill,USA,en,2gYTC8DsplN3RNdpdBcCOQ
Zara Larsson,Lush Life,USA,en,1rIKgCH4H52lrvDcz50hS8
Arctic Monkeys,505,USA,en,58ge6dfP91o9oXMzq3XkIS
The Neighbourhood,Sweater Weather,USA,en,0cQVqPuHQP4KEwc7ZUQmj6
Taylor Swift,Opalite,USA,en,3yWuTOYDztXjZxdE2cIRUa
Noah Kahan,The Great Divide,USA,en,77zqs8ucHCSk5jh9TYec4b
She & Him,I Thought I Saw Your Face Today,USA,en,0myRViRgmQ3J8izICXEAVO
Don Toliver,No Pole,USA,en,0eaVIYo2zeOaGJeqZ5TwYz
Bruno Mars,Something Serious,USA,en,0PV4VQCmE6Ujssr1bnswdF
sombr,12 to 12,USA,en,05od2qm2MTSKCHxy1GBp5W
"Lady Gaga, Bruno Mars",Die With A Smile,USA,en,7so0lgd0zP2Sbgs2d7a1SZ
Bruno Mars,Nothing Left,USA,en,0Sq6JK9kyC4MQa3KrJj5CB
Dominic Fike,White Keys,USA,en,5ViLKrbyL3HD6wsq3AB9eI
"Waka Flocka Flame, Roscoe Dash, Wale",No Hands (feat. Roscoe Dash & Wale),USA,en,03tqyYWC9Um2ZqU0ZN849H
"BigXthaPlug, Ella Langley",Hell At Night (feat. Ella Langley),USA,en,3pAVk6Ydn0dcGpG8gDyxSJ
Whiskey Myers,Broken Window Serenade,USA,en,1VOSSXuWRcBj2rpfxNdX9v
Drake,Headlines,USA,en,6LxSe8YmdPxy095Ux6znaQ
Olivia Dean,A Couple Minutes,USA,en,312z6PZ8wwREck8613PkJk
Sabrina Carpenter,Manchild,USA,en,2BwO5K8Q7EPAJSGze3AAh9
Bruno Mars,That's What I Like,USA,en,0KKkJNfGyhkQ5aFogxQAPU
"Mac Miller, Empire Of The Sun",The Spins,USA,en,2QGVKiAGTa1YcDqPMhAzF7
Ravyn Lenae,Love Me Not,USA,en,4WFgvKVfEhb3IUAFGrutTR
Billie Eilish,BIRDS OF A FEATHER,USA,en,6dOtVTDdiauQNBQEDOtlAB
Gigi Perez,Sailor Song,USA,en,21IYMdzTrzSe191Cy5eMap
Malcolm Todd,Earrings,USA,en,0eAuGrXyGFYwur9ARUe7LJ
"Kendrick Lamar, SZA",luther (with sza),USA,unknown,2CGNAOSuO1MEFCbBRgUzjd
The Marías,No One Noticed,USA,en,3siwsiaEoU4Kuuc9WKMUy5
EsDeeKid,4 Raws,USA,en,554qQSs9lpRVq6TlaaiIKT
Addison Rae,Fame is a Gun,USA,en,7B3BwNecBhKvNwSMOOl7Gk
"Zach Bryan, Kacey Musgraves",I Remember Everything (feat. Kacey Musgraves),USA,ja,4KULAymBBJcPRpk1yO4dOG
Fetty Wap,Trap Queen,USA,en,2d8JP84HNLKhmd6IYOoupQ
Tame Impala,The Less I Know The Better,USA,en,6K4t31amVTZDgR3sKmwUJJ
"Drake, Wizkid, Kyla",One Dance,USA,tr,1zi7xx7UVEFkmKfv06H8x0
"White Noise Radiance, Rain Sounds","Rain Sounds for Sleeping, Pt. 06 (Continuous No Gaps)",USA,unknown,7gF2mPcjipv2hLGHY7bi17
Morgan Wallen,I'm The Problem,USA,en,7AeM1BGYM7emrqmQn1PuWv
Bad Bunny,VOY A LLeVARTE PA PR,USA,es,59D4DOkspUbWyMmbAPQkxZ
Brent Faiyaz,butterflies.,USA,en,4jyyma8YdFC4S4llusSFRu
Daniel Caesar,Who Knows,USA,en,6DH13QYXK7lKkYHSU88N48
"Kendrick Lamar, SZA","All The Stars (with SZA) - From ""Black Panther: The Album""",USA,en,3GCdLUSnKSMJhs4Tj6CV3s
J. Cole,No Role Modelz,USA,en,68Dni7IE4VyPkTOH9mRWHr
Tame Impala,Dracula,USA,en,1NXbNEAcPvY5G1xvfN57aA
Benson Boone,Beautiful Things,USA,en,3xkHsmpQCBMytMJNiDf3Ii
Chappell Roan,Pink Pony Club,USA,en,6393yGahSJ9slVdOwSxOVR
Frank Ocean,Nights,USA,en,7eqoqGkKwgOaWNNHx90uEZ
Lit,My Own Worst Enemy,USA,en,33iv3wnGMrrDugd7GBso1z
"The Weeknd, Playboi Carti",Timeless (feat Playboi Carti),USA,tr,0FIDCNYYjNvPVimz5icugS
"Post Malone, Morgan Wallen",I Had Some Help (Feat. Morgan Wallen),USA,pt,5IZXB5IKAD2qlvTPJYDCFB
"Disco Lines, Tinashe",No Broke Boys,USA,en,3cZajhyr8LmtPfHZ9296tj
Zach Bryan,Something in the Orange,USA,en,3WMj8moIAXJhHsyLaqIIHI
Coldplay,Sparks,USA,en,7D0RhFcb3CrfPuTJ0obrod
Foo Fighters,Everlong,USA,en,5UWwZ5lm5PKu6eKsHAGxOk
Teddy Swims,Lose Control,USA,en,17phhZDn6oGtzMe56NuWvj
Chris Stapleton,You Should Probably Leave,USA,en,2UikqkwBv7aIvlixeVXHWt
Childish Gambino,Les,USA,en,7ghKr0pCYyPPyp7t1FH8k4
Drake,Passionfruit,USA,en,5mCPDVBb16L4XQwDdbRUpz
"Nelly Furtado, Timbaland",Promiscuous,USA,de,2gam98EZKrF9XuOkU13ApN
"Kanye West, Dwele",Flashing Lights,USA,es,5TRPicyLGbAF2LGBFbHGvO
Fleetwood Mac,The Chain - 2004 Remaster,USA,en,5e9TFTbltYBg2xThimr0rU
Fleetwood Mac,Landslide,USA,en,5ihS6UUlyQAfmp48eSkxuQ
Rihanna,Don't Stop The Music,USA,en,1Jo0Zg7XlrA6z0mFTZVdkn
Chappell Roan,"Good Luck, Babe!",USA,en,0WbMK4wrZ1wFSty9F7FCgu
Bruno Mars,Locked out of Heaven,USA,en,5g7sDjBhZ4I3gcFIpkrLuI
The Police,Every Breath You Take,USA,en,1JSTJqkT5qHq8MDJnJbRE1
