rank,uri,artist_names,track_name,source,peak_rank,previous_rank,weeks_on_chart,streams
1,"spotify:track:27xkOIER6uDLKALIelHylZ","Jin","Don’t Say You Love Me","BIGHIT MUSIC",1,1,42,"574684"
2,"spotify:track:5y2ijHECwFYWqcAHKTZgzD","Bruno Mars","Risk It All","Atlantic Records",2,-1,1,"377781"
3,"spotify:track:7tI8dRuH2Yc6RuoTjxo4dU","Jimin","Who","BIGHIT MUSIC",1,2,85,"372724"
4,"spotify:track:1DwscornXpj8fmOmYVlqZt","PinkPantheress, Zara Larsson","Stateside + Zara Larsson","Warner Records",3,3,9,"367052"
5,"spotify:track:3FZPp9lBUvhsxFxKJi3VkB","BLACKPINK","GO","YG Entertainment",5,-1,1,"285441"
6,"spotify:track:6sGIMrtIzQjdzNndVxe397","Olivia Dean","So Easy (To Fall In Love)","PLG - Capitol",4,4,23,"228953"
7,"spotify:track:53iuhJlwXhSER5J2IYYv1W","Taylor Swift","The Fate of Ophelia","Taylor Swift",2,5,22,"221835"
8,"spotify:track:2HRgqmZQC0MC7GeNuDIXHN","Jung Kook, Latto","Seven (feat. Latto) (Explicit Ver.)","BIGHIT MUSIC",1,24,138,"220945"
9,"spotify:track:43BJVWcBzHRIDaQCg7abnX","BLACKPINK","Champion","YG Entertainment",9,-1,1,"199663"
10,"spotify:track:7qjZnBKE73H4Oxkopwulqe","sombr","back to friends","Warner Records",4,6,52,"197873"
11,"spotify:track:50zAEIE4B1QqhPjRMK2Xmh","Jin","Running Wild","BIGHIT MUSIC",1,12,66,"186035"
12,"spotify:track:5H1sKFMzDeMtXwND3V6hRY","BLACKPINK","JUMP","YG Entertainment",2,39,34,"185962"
13,"spotify:track:6f68Ac5tt5BQOpwr0BV9oN","Bruno Mars","I Just Might","Atlantic Records",7,31,8,"185913"
14,"spotify:track:3qhlB30KknSejmIvZZLjOD","Djo","End of Beginning","Djo",3,8,98,"185188"
15,"spotify:track:1CPZ5BxNNd0n0nF4Orb9JS","HUNTR/X, EJAE, AUDREY NUNA, REI AMI, KPop Demon Hunters Cast","Golden","K-Pop Demon Hunters",2,7,37,"180263"
16,"spotify:track:1XZE0InCx3SdCnLpVsPpZl","LBI利比","Jumping Machine (跳楼机)","Sony Music Entertainment",1,10,57,"169671"
17,"spotify:track:1qbmS6ep2hbBRaEZFpn7BX","Olivia Dean","Man I Need","PLG - Capitol",10,11,28,"166760"
18,"spotify:track:3yWuTOYDztXjZxdE2cIRUa","Taylor Swift","Opalite","Taylor Swift",3,13,22,"162226"
19,"spotify:track:6DH13QYXK7lKkYHSU88N48","Daniel Caesar","Who Knows","Republic Records",12,14,19,"156011"
20,"spotify:track:7d6eShN6yVeR4Y2Md9uCA4","张远","看着我的眼睛说","一寸光年",7,17,40,"154157"
21,"spotify:track:2gYTC8DsplN3RNdpdBcCOQ","SIENNA SPIRO","Die On This Hill","Capitol Records",8,16,12,"150815"
22,"spotify:track:3sK8wGT43QFpWrvNQsrQya","Bad Bunny","DtMF","Rimas Entertainment LLC.",3,9,9,"149407"
23,"spotify:track:3oTuTpF1F3A7rEC6RKsMRz","Dave, Tems","Raindance (feat. Tems)","Neighbourhood",19,19,11,"147586"
24,"spotify:track:0WA27lZzPKFJKAbiDRmQDc","Hearts2Hearts","RUDE!","SM Entertainment",24,38,2,"143438"
25,"spotify:track:0fK7ie6XwGxQTIkpFoWkd1","JENNIE","like JENNIE","OA Entertainment/Columbia",2,18,52,"140274"
26,"spotify:track:7so0lgd0zP2Sbgs2d7a1SZ","Lady Gaga, Bruno Mars","Die With A Smile","Interscope Records",1,23,81,"140188"
27,"spotify:track:55lijDD6OAjLFFUHU9tcDm","RAYE","WHERE IS MY HUSBAND!","Human Re Sources",12,22,24,"136061"
28,"spotify:track:7m0duH1vdTNxM2g8BLfR0F","BLACKPINK","Fxxxboy","YG Entertainment",28,-1,1,"135484"
29,"spotify:track:5MXcM263QvCTWriH3nVusc","BLACKPINK","Me and my","YG Entertainment",29,-1,1,"134730"
30,"spotify:track:6vDVu9IM9s8L8XMQ1c1Yti","Madison Beer","bittersweet","Epic/Sing It Loud",8,15,20,"131194"
31,"spotify:track:1rIKgCH4H52lrvDcz50hS8","Zara Larsson","Lush Life","Epic/Record Company TEN",13,28,30,"130172"
32,"spotify:track:6dOtVTDdiauQNBQEDOtlAB","Billie Eilish","BIRDS OF A FEATHER","Darkroom/Interscope Records",1,25,94,"129677"
33,"spotify:track:4WFgvKVfEhb3IUAFGrutTR","Ravyn Lenae","Love Me Not","Atlantic Records",18,30,50,"129409"
34,"spotify:track:5yvVYFDUpbnjcnRBgjwTzM","Tame Impala, JENNIE","Dracula - JENNIE Remix","Columbia",34,34,4,"126476"
35,"spotify:track:7tICCrK3CcyRFKza7yrR0z","sombr","Homewrecker","Warner Records",27,27,4,"125937"
36,"spotify:track:4wJ5Qq0jBN4ajy7ouZIV1c","ROSÉ, Bruno Mars","APT.","Atlantic Records",1,35,72,"124487"
37,"spotify:track:3nqqDo8CcCLke3ZoTgiOKf","The Script","The Man Who Can't Be Moved","Epic/Phonogenic",37,37,77,"122932"
38,"spotify:track:2RkZ5LkEzeHGRsmDqKwmaJ","Alex Warren","Ordinary","Atlantic Records",16,29,51,"122242"
39,"spotify:track:7pBE8YpFoZ9ankC2Ci5z9X","IVE","BANG BANG","Starship Entertainment",21,21,4,"119360"
40,"spotify:track:1xOqGUkyxGQRdCvGpvWKmL","KATSEYE","Gabriela","HYBE/Geffen",5,26,37,"119138"
41,"spotify:track:3cLXrotzCjYCkN73PewALM","HWASA","Good Goodbye","P NATION",8,36,15,"109499"
42,"spotify:track:0myRViRgmQ3J8izICXEAVO","She & Him","I Thought I Saw Your Face Today","Merge Records",27,33,13,"109403"
43,"spotify:track:7yNf9YjeO5JXUE3JEBgnYc","Dominic Fike","Babydoll","Columbia",43,75,3,"105825"
44,"spotify:track:1zFuSla4RQ5qAJwDIQYixW","Silence Wang","像晴天像雨天（电视剧《难哄》心动曲）","哇唧唧哇娱乐(天津)有限公司",4,43,53,"105211"
45,"spotify:track:3hEfpBHxgieRLz4t3kLNEg","The 1975","About You","Dirty Hit",41,41,143,"104571"
46,"spotify:track:6gYS6CQc7UMnj0Ubq3C0QT","马师傅","善后","星罗文化传媒（成都）有限公司",31,44,27,"104550"
47,"spotify:track:6QletrrmpkUpeJkipX9pgf","Bruno Mars","Cha Cha Cha","Atlantic Records",47,-1,1,"100322"
48,"spotify:track:5jAmIkIpskwu2hRz2YaEHi","张远","嘉賓","United Entertainment Group Limited",16,47,242,"99643"
49,"spotify:track:21IYMdzTrzSe191Cy5eMap","Gigi Perez","Sailor Song","Outtahere, LLC / Island Records",9,48,82,"98240"
50,"spotify:track:3QaPy1KgI7nu9FJEQUgn6h","Billie Eilish","WILDFLOWER","Darkroom/Interscope Records",11,40,94,"97637"
51,"spotify:track:4VxTzYm00mg82MuoT35Ja7","Tyla","CHANEL","Epic",5,45,18,"94712"
52,"spotify:track:7ne4VBA60CxGM75vw0EYad","Gracie Abrams","That’s So True","Gracie Abrams, under exclusive license to Interscope Records",4,46,72,"94375"
53,"spotify:track:1k0JAiH11gHL9dc5dfQjQr","ILLIT","NOT CUTE ANYMORE","BELIFT LAB",8,42,15,"93909"
54,"spotify:track:6Qyc6fS4DsZjB2mRW9DsQs","The Goo Goo Dolls","Iris","Warner Records",39,54,80,"93233"
55,"spotify:track:0cOMncRq4cmDLO4tPQnkBF","Jay Chou","擱淺","Universal Music Taiwan (JVR)",24,49,166,"92341"
56,"spotify:track:1sVBT215CDmVJvfy1E2OCU","Bruno Mars","God Was Showing Off","Atlantic Records",56,-1,1,"91491"
57,"spotify:track:7vg9noSnFEyPfwLiaCW4vi","ZXKAI, slxughter","NO BATIDÃO","ZXKAI",52,52,8,"90937"
58,"spotify:track:3AJwUDP919kvQ9QcozQPxg","Coldplay","Yellow","Parlophone UK",1,57,314,"90552"
59,"spotify:track:1myZ6GQewhAzMH2dKtKSWK","Bruno Mars","Dance With Me","Atlantic Records",59,-1,1,"89803"
60,"spotify:track:0KKkJNfGyhkQ5aFogxQAPU","Bruno Mars","That's What I Like","Atlantic Records",3,77,219,"89790"
61,"spotify:track:2BwO5K8Q7EPAJSGze3AAh9","Sabrina Carpenter","Manchild","Island Records",5,51,39,"89662"
62,"spotify:track:0bxPRWprUVpQK0UFcddkrA","Kehlani","Folded","TSNMI / Atlantic",29,53,38,"89432"
63,"spotify:track:1z5ebC9238uGoBgzYyvGpQ","ROSÉ","toxic till the end","Atlantic Records",4,59,65,"89176"
64,"spotify:track:0TlcczkVTGpinpkGJpT81L","Twenty One Pilots","Drag Path","Fueled By Ramen",32,32,2,"88414"
65,"spotify:track:7B3BwNecBhKvNwSMOOl7Gk","Addison Rae","Fame is a Gun","Columbia",47,58,17,"87044"
66,"spotify:track:3B4cjvGlPvyBLNG3AzEgkZ","Don Toliver","E85","CactusJack/Donnway/ATL",66,82,3,"86277"
67,"spotify:track:5O2P9iiztwhomNh8xkR9lJ","One Direction","Night Changes","Syco Music",10,71,234,"85571"
68,"spotify:track:7G7mSV4BebkoHWwKTDvXu9","V, Park Hyo Shin","Winter Ahead (with PARK HYO SHIN)","BIGHIT MUSIC",17,74,66,"84932"
69,"spotify:track:7CyPwkp0oE8Ro9Dd5CUDjW","The Weeknd, JENNIE, Lily-Rose Depp","One Of The Girls (with JENNIE, Lily Rose Depp)","XO / Republic Records",6,63,141,"83958"
70,"spotify:track:5BZsQlgw21vDOAjoqkNgKb","Justin Bieber","DAISIES","JRC Entertainment, LLC / ILH Production Co. LLC / Def Jam Recordings",11,50,34,"83781"
71,"spotify:track:3Ac4AjYkqsvop2ydbSAhTX","Bruno Mars","Why You Wanna Fight?","Atlantic Records",71,-1,1,"83654"
72,"spotify:track:2CGNAOSuO1MEFCbBRgUzjd","Kendrick Lamar, SZA","luther (with sza)","pgLang, under exclusive license to Interscope Records",2,61,67,"82236"
73,"spotify:track:3b6RZmPmYzg2mRyfoIznYS","1119","福气马上来","1119",7,20,5,"80486"
74,"spotify:track:51ZQ1vr10ffzbwIjDCwqm4","Ariana Grande","we can't be friends (wait for your love)","Republic Records",1,60,104,"80479"
75,"spotify:track:2ytQFMxdreEFPPZTtyDdqM","IVE","BLACKHOLE","Starship Entertainment",75,-1,1,"80291"
76,"spotify:track:3AKYofM0vFekNthGbpjMpN","ZQS","这是你期盼的长大吗","鲸鱼向海",42,66,96,"79695"
77,"spotify:track:2yWlGEgEfPot0lv3OAjuG3","Tate McRae, F1 The Album","Just Keep Watching (From F1® The Movie)","Atlantic Records",13,67,40,"79428"
78,"spotify:track:7BqBn9nzAq8spo5e7cZ0dJ","Bruno Mars","Just the Way You Are","Atlantic Records",11,87,388,"79379"
79,"spotify:track:6GyUt7yJ0sOktc5HjvVnFh","Firdhaus, DIOR 大穎","在加納共和國離婚","Loolala Music (M) Sdn Bhd",20,69,99,"79322"
80,"spotify:track:0c9gjnRGBRke9VmLaZWmhM","陈村长","爱怎么了","新坚诚文化",32,65,95,"79218"
81,"spotify:track:3siwsiaEoU4Kuuc9WKMUy5","The Marías","No One Noticed","Nice Life/Atlantic",23,62,71,"78946"
82,"spotify:track:5pIcwtJYNJx93l420oR2Vm","Jay Chou","晴天","Universal Music Taiwan (JVR)",33,64,471,"78491"
83,"spotify:track:59c2xv2kMzYM6HR9oY6BIa","Malcolm Todd","Sweet Boy","Columbia",76,76,28,"78483"
84,"spotify:track:01qFKNWq73UfEslI0GvumE","Jung Kook, Jack Harlow","3D (feat. Jack Harlow)","BIGHIT MUSIC",2,-1,124,"78454"
85,"spotify:track:23WLgtD54AeluEPRr5muHo","Evangeline Wong","離開我的依賴","史科特音樂股份有限公司 SKR Co., Ltd.",52,55,23,"77666"
86,"spotify:track:1BxfuPKGuaTgP7aM0Bbdwr","Taylor Swift","Cruel Summer","Taylor Swift",1,78,185,"77356"
87,"spotify:track:2HRqTpkrJO5ggZyyK6NPWz","Sabrina Carpenter","Espresso","Island Records",1,68,99,"76820"
88,"spotify:track:1lcBt7LoEikqYmhUoa2cez","ROSÉ","number one girl","Atlantic Records",5,83,67,"76380"
89,"spotify:track:6W614n8yLUeS3zsZSeBwyq","yung kai","blue","BMG Rights Management (US) LLC",4,72,72,"76347"
90,"spotify:track:54PbBpquVfhfrwRwvjSXbI","Charlie Puth, Selena Gomez","We Don't Talk Anymore (feat. Selena Gomez)","Artist Partner",20,93,303,"76307"
91,"spotify:track:4vVTI94F9uJ8lHNDWKv0i2","Sean Kingston, Justin Bieber","Eenie Meenie","Epic/Beluga Heights",57,81,20,"75772"
92,"spotify:track:0ug5NqcwcFR2xrfTkc7k8e","Taylor Swift","Style","Taylor Swift",5,90,102,"75422"
93,"spotify:track:43iIQbw5hx986dUEZbr3eN","Laufey","From The Start","Laufey",25,85,114,"74887"
94,"spotify:track:2Jox8DFhnUpJZJWLsVAsAR","DIOR 大穎","人的這一生","Lost Control Sdn. Bhd.",80,80,2,"74706"
95,"spotify:track:1mea3bSkSGXuIRvnydlB5b","Coldplay","Viva La Vida","Parlophone UK",1,100,188,"74124"
96,"spotify:track:3cZajhyr8LmtPfHZ9296tj","Disco Lines, Tinashe","No Broke Boys","Nice Life/Atlantic",45,95,31,"73547"
97,"spotify:track:7BKLCZ1jbUBVqRi2FVlTVw","The Chainsmokers, Halsey","Closer","Disruptor Records/Columbia",1,105,402,"73536"
98,"spotify:track:6RUKPb4LETWmmr3iAEQktW","The Chainsmokers, Coldplay","Something Just Like This","Disruptor Records/Columbia",1,114,472,"73406"
99,"spotify:track:6fxVffaTuwjgEk5h9QyRjy","Ed Sheeran","Photograph","Atlantic Records UK",27,91,460,"73091"
100,"spotify:track:1XGmzt0PVuFgQYYnV2It7A","Maroon 5, Wiz Khalifa","Payphone","Interscope Records*",20,86,267,"72452"
101,"spotify:track:4rMNgxEwGWoPHIUcvB5BrB","Bruno Mars","It Will Rain","Elektra (NEK)",35,116,50,"72066"
102,"spotify:track:6I3mqTwhRpn34SLVafSH7G","Justin Bieber","Ghost","RBMG/Def Jam",1,73,235,"71452"
103,"spotify:track:5J4ZkQpzMUFojo1CtAZYpn","Ariana Grande, The Weeknd","Love Me Harder","Universal Records",94,94,10,"71126"
104,"spotify:track:4i4BVY2JiH4mDSLIBdNGKD","Bruno Mars","On My Soul","Atlantic Records",104,-1,1,"71101"
105,"spotify:track:3GCdLUSnKSMJhs4Tj6CV3s","Kendrick Lamar, SZA","All The Stars (with SZA) - From ""Black Panther: The Album""","Black Panther (TDE/DMG) PS",1,88,126,"69998"
106,"spotify:track:7D0RhFcb3CrfPuTJ0obrod","Coldplay","Sparks","Parlophone UK",17,92,61,"69786"
107,"spotify:track:2gug6MRv4xQFYi9LA3PJCS","Eric Chou","你，好不好？ - TVBS連續劇【遺憾拼圖】片尾曲","Sony Music Entertainment",23,96,480,"69708"
108,"spotify:track:05od2qm2MTSKCHxy1GBp5W","sombr","12 to 12","Warner Records",71,106,29,"69270"
109,"spotify:track:2LlOeW5rVcvl3QcPNPcDus","Daniel Caesar","Always","Republic Records",76,109,56,"69040"
110,"spotify:track:1JSTJqkT5qHq8MDJnJbRE1","The Police","Every Breath You Take","Polydor Records",44,101,28,"68814"
111,"spotify:track:0cQVqPuHQP4KEwc7ZUQmj6","The Neighbourhood","Sweater Weather","Columbia",47,120,260,"68384"
112,"spotify:track:0ll8uFnc0nANY35E0Lfxvg","Keane","Somewhere Only We Know","Universal-Island Records Ltd.",56,98,201,"68045"
113,"spotify:track:3xkHsmpQCBMytMJNiDf3Ii","Benson Boone","Beautiful Things","Night Street Records, Inc./Warner Records Inc.",9,107,110,"68003"
114,"spotify:track:6rY5FAWxCdAGllYEOZMbjW","Joji","SLOW DANCING IN THE DARK","88rising Music",27,110,105,"67984"
115,"spotify:track:1IHWl5LamUGEuP4ozKQSXZ","Bad Bunny","Tití Me Preguntó","Rimas Entertainment LLC",27,56,4,"67929"
116,"spotify:track:2KslE17cAJNHTsI2MI0jb2","Jung Kook","Standing Next to You","BIGHIT MUSIC",2,-1,117,"67846"
117,"spotify:track:5tlb0AxuzsMWL2GtEppXGX","Cup of Joe","Multo","Viva Records",38,89,47,"67815"
118,"spotify:track:46V2ciN6F5bxjQWityNhkY","LNGSHOT","Moonwalkin'","MORE VISION",19,79,7,"66946"
119,"spotify:track:0InIeZW4P6VO7dUGRM4AKH","The Marías","Sienna","Nice Life/Atlantic",45,84,30,"66684"
120,"spotify:track:5g7sDjBhZ4I3gcFIpkrLuI","Bruno Mars","Locked out of Heaven","Atlantic Records",6,179,88,"66551"
121,"spotify:track:4s3iUkYgh9gCeGYqCODrQe","于冬然","座位","海神音乐",32,112,39,"66550"
122,"spotify:track:24rDDbSlFY9OHrlJb48CRh","KiiiKiii","404 (New Era)","Starship Entertainment",122,131,4,"66310"
123,"spotify:track:59dLtGBS26x7kc0rHbaPrq","B.o.B, Bruno Mars","Nothin' on You (feat. Bruno Mars)","Rebel Rock/Grand Hustle/Atlantic",44,139,10,"66009"
124,"spotify:track:4iZ4pt7kvcaH6Yo8UoZ4s2","SZA","Snooze","Top Dawg Entertainment/RCA Records",9,126,153,"65951"
125,"spotify:track:5TFD2bmFKGhoCRbX61nXY5","Bad Bunny","NUEVAYoL","Rimas Entertainment LLC.",32,70,4,"65910"
126,"spotify:track:0tgVpDi06FyKpA1z0VMD4v","Ed Sheeran","Perfect","Atlantic Records UK",1,134,470,"65773"
127,"spotify:track:2tpWsVSb9UEmDRxAl1zhX1","OneRepublic","Counting Stars","Mosley / Interscope",66,155,221,"65759"
128,"spotify:track:1oAwsWBovWRIp7qLMGPIet","Cigarettes After Sex","Apocalypse","Partisan Records",28,108,190,"65543"
129,"spotify:track:161DnLWsx1i3u1JT05lzqU","Bruno Mars","Talking to the Moon","Atlantic Records",9,165,164,"65424"
130,"spotify:track:4WFfPxJv1KRekG6mxn837K","JISOO, ZAYN","EYES CLOSED (with ZAYN)","Warner Records",6,158,21,"65269"
131,"spotify:track:0ahuxmprOO8tfKpG5Sgkt2","王赫野, 姚晓棠","最后一页 - Live","独立发行",80,97,81,"65256"
132,"spotify:track:0eAuGrXyGFYwur9ARUe7LJ","Malcolm Todd","Earrings","Columbia",132,135,3,"64452"
133,"spotify:track:6QFCMUUq1T2Vf5sFUXcuQ7","Justin Bieber, Nicki Minaj","Beauty And A Beat","RBMG/Def Jam",91,117,79,"64409"
134,"spotify:track:5XeFesFbtLpXzIVDNQP22n","Arctic Monkeys","I Wanna Be Yours","Domino Recording Co",32,127,188,"64349"
135,"spotify:track:4Dvkj6JhhA12EX05fT7y2e","Harry Styles","As It Was","Columbia",1,163,152,"63997"
136,"spotify:track:0B7wvvmu9EISAwZnOpjhNI","Bruno Mars","When I Was Your Man","Atlantic Records",18,140,144,"63861"
137,"spotify:track:02sy7FAs8dkDNYsHp4Ul3f","Saja Boys, Andrew Choi, Neckwav, Danny Chung, KEVIN WOO, samUIL Lee, KPop Demon Hunters Cast","Soda Pop","K-Pop Demon Hunters",4,104,37,"63689"
138,"spotify:track:5UJbgR4XF4y1DvbkxEqe8S","Tate McRae","Sports car","RCA Records Label",14,115,58,"63613"
139,"spotify:track:3Qj9Fy8BPbWmICTiNkuqB7","Jay Chou, Lara Liang","珊瑚海","Universal Music Taiwan (JVR)",76,128,115,"63346"
140,"spotify:track:7MXVkk9YMctZqd1Srtv4MB","The Weeknd, Daft Punk","Starboy","The Weeknd/Lyric",3,146,240,"63306"
141,"spotify:track:2aL4lMGhWdPpyPL6COPou7","keshi","Soft Spot","Island Records",10,99,77,"63281"
142,"spotify:track:312z6PZ8wwREck8613PkJk","Olivia Dean","A Couple Minutes","PLG - Capitol",101,102,16,"63003"
143,"spotify:track:2N9miXnewVmUrgl6JSK1FI","LE SSERAFIM, j-hope","SPAGHETTI","SOURCE MUSIC",11,111,19,"62938"
144,"spotify:track:5Sib99jpYybZAicUMETb3h","Joker Xue","演员","潮石音乐",56,136,371,"62735"
145,"spotify:track:5cF0dROlMOK5uNZtivgu50","Charlie Puth","Attention","Artist Partner",2,162,198,"62701"
146,"spotify:track:0WbMK4wrZ1wFSty9F7FCgu","Chappell Roan","Good Luck, Babe!","Chappell Roan PS/ Island",4,103,98,"62005"
147,"spotify:track:4GEWZ1vDFVkmhG55zpKFLO","郭家瑋, DIOR 大穎","過了幾天(合唱版)","JSJ International Entertainment Ltd.",22,121,62,"61731"
148,"spotify:track:0VTzUEuHYD8s7CgQ15cDPo","Khalil Fong","特別的人","Fu Music Limited",46,153,13,"61592"
149,"spotify:track:1JLtvvPsHwLyd2ufASdkWV","阿涵, Ayo97","感谢你曾来过","汇音文化",74,137,156,"61032"
150,"spotify:track:1vfUASvUGt3gxQ1x3T3u1C","en王翊恩","嚣张","嗨库文化",24,124,301,"60897"
151,"spotify:track:2fuYa3Lx06QQJAm0MjztKr","Radiohead","Let Down","XL Recordings",44,148,40,"60347"
152,"spotify:track:0FIDCNYYjNvPVimz5icugS","The Weeknd, Playboi Carti","Timeless (feat Playboi Carti)","XO / Republic Records",13,143,75,"60327"
153,"spotify:track:6aJn7Cst74cj4lNIiPRgav","KATSEYE","Touch","HYBE/Geffen",7,119,77,"60137"
154,"spotify:track:0UHB9METy4VCXNgkcGqHqS","Rihanna","Kiss It Better","Roc Nation / Rihanna",154,-1,1,"60126"
155,"spotify:track:7ogpGbKc4Io6NCU6ydxXwZ","Alex Warren","FEVER DREAM","Atlantic Records",155,-1,1,"59874"
156,"spotify:track:2tqF9MPNdYdJU70U0ULO23","Jay Chou","告白氣球","Universal Music Taiwan (JVR)",28,150,476,"59794"
157,"spotify:track:1qRV1dKLOfH1s00b9J2LUQ","Zara Larsson","Midnight Sun","Sommer House/Epic",157,172,7,"59643"
158,"spotify:track:3t5edAHbyFEW67wFApp7EO","小阿七","从前说","一寸光年",21,142,210,"59639"
159,"spotify:track:0Sq6JK9kyC4MQa3KrJj5CB","Bruno Mars","Nothing Left","Atlantic Records",159,-1,1,"59443"
160,"spotify:track:5cU1O9P0EDA0rPkPDykhIm","Eric Chou","怎麼了","Sony Music Entertainment",6,125,373,"59304"
161,"spotify:track:0TFTAtCYhp2tQ9KcJIZb55","sombr","undressed","Warner Records",18,159,47,"58809"
162,"spotify:track:6hkOqJ5mE093AQf2lbZnsG","Katy Perry","The One That Got Away","Capitol Records",152,152,3,"58712"
163,"spotify:track:567e29TDzLwZwfDuEpGTwo","The Kid LAROI, Justin Bieber","STAY (with Justin Bieber)","Columbia",1,185,221,"58675"
164,"spotify:track:7xoUc6faLbCqZO6fQEYprd","Ariana Grande","One Last Time","Universal Records",91,132,169,"58435"
165,"spotify:track:72OVnXDzugvrCU25lMi9au","WeiBird","如果可以 - 電影""月老""主題曲","Sony Music Entertainment",3,141,222,"58389"
166,"spotify:track:0QzuaeCEEOV40Pn7IvKEny","Dhruv","double take","Little Worry/RCA Records",2,168,213,"58044"
167,"spotify:track:09CtPGIpYB4BrO8qb1RGsF","Justin Bieber","Sorry","RBMG/Def Jam",69,129,39,"58032"
168,"spotify:track:0lYBSQXN6rCTvUZvg9S0lU","DJ Snake, Justin Bieber","Let Me Love You","DJ Snake Def Jam",4,145,82,"57719"
169,"spotify:track:1aKvZDoLGkNMxoRYgkckZG","ILLIT","Magnetic","BELIFT LAB",1,130,102,"57698"
170,"spotify:track:5FVbvttjEvQ8r2BgUcJgNg","BTS","Life Goes On","BIGHIT MUSIC",1,164,68,"57452"
171,"spotify:track:1u8c2t2Cy7UBoG4ArRcF5g","Taylor Swift","Blank Space","Taylor Swift",9,178,214,"56859"
172,"spotify:track:75JFxkI2RXiU7L9VXzMkle","Coldplay","The Scientist","Parlophone Records Limited",4,175,178,"56757"
173,"spotify:track:10VuSw48iPN2UK2xX9Y6P0","Jay Chou","青花瓷","Universal Music Taiwan (JVR)",105,169,11,"56666"
174,"spotify:track:3vJIaiTIHxHhYafTSPNiH4","Disney, Shakira","Zoo","Walt Disney Records",26,147,13,"56598"
175,"spotify:track:3p4hRhMcb6ch8OLtATMaLw","Cigarettes After Sex","Cry","Partisan Records",50,149,76,"56577"
176,"spotify:track:36vmaZyO0iAE6FZ7287fg2","Olivia Dean","Dive","PLG - Capitol",129,156,15,"56419"
177,"spotify:track:08PdFBcXzpkn1cWNgmKqhn","Laufey","Promise","Laufey",177,-1,1,"56337"
178,"spotify:track:0PV4VQCmE6Ujssr1bnswdF","Bruno Mars","Something Serious","Atlantic Records",178,-1,1,"56328"
179,"spotify:track:4iWXBvFiGanzt0ntGnMALN","en王翊恩","我走后 (深情版)","新鲜制造",86,167,29,"56258"
180,"spotify:track:0kN8xEmgMW9mh7UmDYHlJP","Bruno Mars","Versace on the Floor","Atlantic Records",10,-1,86,"55792"
181,"spotify:track:51rfRCiUSvxXlCSCfIztBy","Gracie Abrams","I Love You, I'm Sorry","Gracie Abrams, under exclusive license to Interscope Records",13,160,89,"55144"
182,"spotify:track:1Q7EgiMOuwDcB0PJC6AzON","Daniel Caesar, H.E.R.","Best Part (feat. H.E.R.)","HV Recordings",87,113,131,"54982"
183,"spotify:track:70LcF31zb1H0PyJoS1Sx1r","Radiohead","Creep","XL Recordings",170,194,16,"54816"
184,"spotify:track:6OWWZtNQORY1McaZmOrwhc","CORTIS","GO!","Republic Records – CORTIS",20,161,26,"54636"
185,"spotify:track:2RdEC8Ff83WkX7kDVCHseE","Charli xcx","party 4 u","Atlantic Records UK",13,176,48,"54429"
186,"spotify:track:5Y35SjAfXjjG0sFQ3KOxmm","SZA","Nobody Gets Me","Top Dawg Entertainment/RCA Records",14,173,105,"54353"
187,"spotify:track:2mlNgAeIBnL78ZriXgrRHz","Joji","Glimpse of Us","88rising Music",1,181,114,"54274"
188,"spotify:track:76FZM38RC8XaAjJ77CVTNe","Ariana Grande","Into You","Universal Records",82,184,32,"54214"
189,"spotify:track:1pALOIA4ytESmhl7Fxjdic","Jay Chou","楓","Universal Music Taiwan (JVR)",114,171,26,"54175"
190,"spotify:track:3xJK8ywApYVEYIDhymYMC6","Stefanie Sun","遇見","WM Taiwan",119,-1,14,"54148"
191,"spotify:track:0dS2u2UFd88TIzDDaZDLvS","d4vd","Here With Me","Darkroom/Interscope Records",5,193,177,"53906"
192,"spotify:track:2mdEsXPu8ZmkHRRtAdC09e","Lana Del Rey","Cinnamon Girl","Polydor Records",186,195,6,"53900"
193,"spotify:track:13CwOTXUgBugeBByE9oIWb","Nadhif Basalamah","kota ini tak sama tanpamu","After School",193,-1,1,"53808"
194,"spotify:track:7fAdinC2UTc0Y9GiKrkTtu","卢卢快闭嘴","字字句句","鲸鱼向海",22,177,141,"53645"
195,"spotify:track:3rUGC1vUpkDG9CZFHMur1t","Tate McRae","greedy","RCA Records Label",1,144,129,"53559"
196,"spotify:track:37xebnhvUyM8VyyDDeo65d","LNGSHOT","Never Let Go","MORE VISION",41,123,7,"53497"
197,"spotify:track:2VKGO4DNyUK5UxCQB3b3DF","ATEEZ","Adrenaline","KQ Entertainment",96,122,4,"53359"
198,"spotify:track:4MagTPnkPiDuIa4P8GtW1b","Lauv","I Like Me Better","Lauv",15,170,404,"53326"
199,"spotify:track:50kpGaPAhYJ3sGmk6vplg0","Justin Bieber","Love Yourself","RBMG/Def Jam",54,183,178,"53258"
200,"spotify:track:2nMeu6UenVvwUktBCpLMK9","Lana Del Rey","Young And Beautiful","Polydor Records",166,197,11,"53182"
